label,ltable_id,rtable_id
0,1354,1354
0,6736,6736
0,9492,9492
0,4462,4462
0,3303,3303
1,8450,8450
0,3797,3797
0,2402,2402
0,1676,1676
1,373,373
0,8826,8826
0,7475,7475
1,4457,4457
0,8573,8573
0,7692,7692
0,4041,4041
0,6161,6161
0,2247,2247
0,9653,9653
0,1122,1122
0,5133,5133
0,3067,3067
0,6066,6066
1,5330,5330
0,4877,4877
0,4560,4560
0,3617,3617
1,271,271
0,1873,1873
0,8875,8875
0,5732,5732
0,4468,4468
0,6935,6935
1,1164,1164
0,8562,8562
0,550,550
0,6204,6204
0,6739,6739
1,217,217
1,3505,3505
0,2882,2882
0,6617,6617
0,2813,2813
0,8536,8536
0,297,297
0,5471,5471
1,9444,9444
0,7849,7849
0,1410,1410
0,7167,7167
1,2281,2281
0,4380,4380
1,278,278
1,7952,7952
1,5780,5780
0,5739,5739
0,3725,3725
0,2609,2609
0,3526,3526
0,833,833
1,8983,8983
0,609,609
0,2574,2574
0,7551,7551
1,7333,7333
0,5254,5254
0,1393,1393
0,2946,2946
0,666,666
1,398,398
0,655,655
0,3257,3257
0,9334,9334
0,3944,3944
0,418,418
0,8125,8125
0,7881,7881
0,8427,8427
0,4424,4424
0,449,449
0,6815,6815
0,1474,1474
0,5416,5416
0,3744,3744
0,4366,4366
0,4947,4947
0,7048,7048
0,6190,6190
0,3339,3339
0,9093,9093
1,9467,9467
0,2075,2075
0,6797,6797
0,4910,4910
0,5724,5724
0,1523,1523
0,2842,2842
0,1456,1456
0,3074,3074
0,3976,3976
0,8550,8550
0,9159,9159
0,821,821
0,9251,9251
0,6941,6941
0,2594,2594
0,6024,6024
0,7099,7099
0,8126,8126
0,2722,2722
0,115,115
0,9020,9020
0,7731,7731
0,4126,4126
0,5636,5636
0,4018,4018
0,6217,6217
0,2062,2062
0,830,830
1,4601,4601
0,6040,6040
0,3870,3870
0,7848,7848
0,4409,4409
0,5276,5276
0,4315,4315
1,7432,7432
0,3791,3791
0,1990,1990
0,7023,7023
0,4103,4103
0,1716,1716
0,9433,9433
0,6523,6523
1,9005,9005
0,2375,2375
0,5657,5657
1,6008,6008
0,8849,8849
1,611,611
0,71,71
0,1168,1168
0,3914,3914
0,9640,9640
0,3831,3831
0,2950,2950
0,5001,5001
1,7651,7651
0,6946,6946
1,8728,8728
1,7444,7444
0,4741,4741
0,6416,6416
0,2213,2213
0,1743,1743
0,9150,9150
0,6852,6852
0,9604,9604
0,4762,4762
0,3732,3732
0,8122,8122
1,4726,4726
0,6212,6212
1,7544,7544
0,6429,6429
0,3424,3424
0,4785,4785
0,3821,3821
0,2444,2444
0,5179,5179
0,7695,7695
1,635,635
0,949,949
0,1943,1943
1,86,86
0,2053,2053
0,2257,2257
0,4138,4138
1,4770,4770
0,1860,1860
0,3374,3374
0,7538,7538
0,8999,8999
0,3029,3029
0,3923,3923
0,2769,2769
0,5469,5469
0,2654,2654
0,9363,9363
0,1133,1133
1,5359,5359
0,1527,1527
0,3817,3817
0,4692,4692
0,4802,4802
0,4667,4667
0,6369,6369
0,6923,6923
0,5843,5843
0,2653,2653
0,5868,5868
1,8172,8172
1,3440,3440
0,3804,3804
1,2383,2383
0,827,827
0,8355,8355
1,8985,8985
0,1734,1734
0,1222,1222
0,9301,9301
0,1024,1024
0,3798,3798
0,52,52
0,9076,9076
0,202,202
1,2785,2785
1,8158,8158
0,2334,2334
0,974,974
1,3698,3698
0,1538,1538
0,6129,6129
1,3448,3448
0,6911,6911
0,8016,8016
0,3833,3833
0,1593,1593
0,8471,8471
0,5143,5143
1,6563,6563
0,1588,1588
0,6331,6331
0,4117,4117
0,916,916
0,6022,6022
1,4940,4940
0,4829,4829
0,6000,6000
0,7180,7180
0,8532,8532
0,7863,7863
0,2750,2750
0,4578,4578
0,4822,4822
0,5946,5946
1,2917,2917
0,6184,6184
0,6710,6710
0,9607,9607
0,8763,8763
0,8466,8466
0,4782,4782
0,1243,1243
1,5104,5104
0,1134,1134
0,670,670
0,2475,2475
0,8766,8766
0,1100,1100
0,9436,9436
0,3902,3902
0,1875,1875
1,1694,1694
1,4290,4290
0,6088,6088
0,9530,9530
1,6565,6565
1,3975,3975
0,9728,9728
0,6090,6090
0,6336,6336
1,875,875
0,5508,5508
1,7790,7790
0,3524,3524
0,6527,6527
0,2595,2595
0,2508,2508
1,854,854
0,2999,2999
1,8891,8891
0,5154,5154
0,8117,8117
0,7564,7564
0,9495,9495
1,7532,7532
0,661,661
0,9606,9606
1,7302,7302
0,925,925
1,7857,7857
0,4352,4352
0,7474,7474
0,7706,7706
0,3139,3139
1,820,820
0,6767,6767
0,4187,4187
0,4946,4946
1,2412,2412
0,8092,8092
0,7995,7995
0,6363,6363
1,1968,1968
0,4075,4075
0,2327,2327
0,262,262
0,9034,9034
0,1496,1496
1,5696,5696
0,1190,1190
1,5974,5974
0,7539,7539
1,561,561
0,3636,3636
1,6446,6446
0,8773,8773
0,4206,4206
0,117,117
0,9242,9242
0,5489,5489
0,9253,9253
0,4029,4029
0,1744,1744
0,5604,5604
1,2717,2717
0,4987,4987
0,6788,6788
0,4944,4944
1,6836,6836
0,9178,9178
0,8141,8141
0,1214,1214
1,4458,4458
0,1326,1326
0,3731,3731
0,3409,3409
0,1479,1479
1,375,375
0,8667,8667
0,2727,2727
1,6708,6708
0,8956,8956
1,5880,5880
0,5405,5405
0,4102,4102
0,3927,3927
0,5436,5436
0,6264,6264
0,2510,2510
1,6320,6320
0,2634,2634
0,6250,6250
0,9687,9687
0,9330,9330
0,7284,7284
0,8840,8840
1,6599,6599
0,7195,7195
0,6979,6979
0,4491,4491
0,1592,1592
0,4373,4373
0,5877,5877
0,874,874
0,175,175
0,910,910
0,3691,3691
0,663,663
0,667,667
0,553,553
0,5246,5246
0,5567,5567
0,9089,9089
1,8276,8276
0,5540,5540
0,9484,9484
0,328,328
0,3466,3466
1,4959,4959
0,3835,3835
0,5090,5090
0,8793,8793
0,4291,4291
0,4051,4051
0,7328,7328
1,9323,9323
0,306,306
0,5160,5160
0,6652,6652
0,7846,7846
1,7818,7818
0,2642,2642
0,439,439
0,2738,2738
0,7198,7198
0,2691,2691
0,9395,9395
0,5962,5962
0,2888,2888
0,5714,5714
1,4825,4825
0,8926,8926
0,3758,3758
0,1854,1854
0,8829,8829
0,8563,8563
0,6239,6239
0,8679,8679
0,4095,4095
0,4326,4326
1,9609,9609
0,8404,8404
1,6932,6932
0,6919,6919
0,6216,6216
1,9688,9688
0,3380,3380
0,6474,6474
0,1383,1383
0,451,451
0,7358,7358
0,6003,6003
0,2598,2598
0,288,288
0,6349,6349
0,1829,1829
0,5438,5438
1,3812,3812
1,7240,7240
0,5314,5314
1,2880,2880
1,8483,8483
1,8668,8668
1,4865,4865
0,994,994
1,2656,2656
0,6441,6441
0,3250,3250
0,9143,9143
1,5646,5646
0,8870,8870
0,8431,8431
0,7209,7209
0,2131,2131
0,6917,6917
0,5070,5070
0,8174,8174
0,6844,6844
0,9552,9552
0,195,195
1,2898,2898
1,8748,8748
0,9039,9039
0,8497,8497
0,1342,1342
0,7527,7527
0,5376,5376
0,4147,4147
0,8859,8859
0,1936,1936
0,1682,1682
0,6944,6944
0,9101,9101
0,46,46
0,7116,7116
0,970,970
1,2503,2503
0,3989,3989
0,4989,4989
0,7072,7072
0,3052,3052
1,6781,6781
0,5672,5672
0,4418,4418
0,1105,1105
0,5355,5355
0,6046,6046
0,1877,1877
1,6077,6077
0,2085,2085
0,2017,2017
0,8412,8412
0,3878,3878
1,8647,8647
0,2607,2607
1,8207,8207
0,5295,5295
0,2809,2809
1,6649,6649
0,7294,7294
0,3082,3082
0,4680,4680
0,3986,3986
1,4531,4531
0,216,216
1,2430,2430
0,5918,5918
0,8373,8373
0,896,896
0,7854,7854
1,2496,2496
0,7005,7005
0,3531,3531
0,3304,3304
0,4248,4248
0,5440,5440
0,8788,8788
0,4252,4252
0,1420,1420
0,7285,7285
0,1033,1033
0,3963,3963
0,1509,1509
1,9298,9298
0,2528,2528
0,8740,8740
0,9571,9571
1,9661,9661
0,7,7
0,3586,3586
0,7762,7762
1,8711,8711
0,3196,3196
1,2833,2833
0,5192,5192
0,6375,6375
0,8639,8639
0,408,408
0,2353,2353
0,9014,9014
0,876,876
1,7722,7722
0,4662,4662
1,5267,5267
0,6191,6191
0,7249,7249
0,452,452
1,8000,8000
0,5601,5601
0,4143,4143
0,3608,3608
0,4604,4604
0,8775,8775
0,9432,9432
1,9290,9290
0,2489,2489
1,1138,1138
0,9439,9439
0,855,855
0,5772,5772
0,5671,5671
0,6397,6397
1,9594,9594
0,1162,1162
1,8943,8943
0,1639,1639
0,6904,6904
0,7453,7453
0,5907,5907
0,8704,8704
0,885,885
0,1601,1601
0,5151,5151
0,1575,1575
0,1389,1389
0,9637,9637
0,9581,9581
0,4062,4062
0,5894,5894
0,6172,6172
0,3537,3537
1,4520,4520
1,459,459
0,8831,8831
1,8142,8142
1,294,294
0,1087,1087
0,5484,5484
0,1462,1462
0,9377,9377
1,204,204
0,5394,5394
0,3480,3480
0,352,352
1,6186,6186
1,6924,6924
0,3922,3922
0,6012,6012
0,596,596
0,5400,5400
0,9167,9167
0,5900,5900
0,5669,5669
0,6208,6208
1,8229,8229
0,232,232
0,6237,6237
1,7512,7512
1,69,69
0,8218,8218
0,8357,8357
0,3125,3125
1,3512,3512
0,3864,3864
0,4732,4732
0,6126,6126
0,3582,3582
0,1016,1016
0,5694,5694
0,4414,4414
1,9430,9430
0,1917,1917
0,8735,8735
0,9006,9006
0,6582,6582
0,4934,4934
0,5792,5792
1,3169,3169
0,3811,3811
0,9700,9700
0,5562,5562
0,9237,9237
0,7122,7122
0,7371,7371
0,4217,4217
0,8036,8036
0,6943,6943
0,1810,1810
0,5615,5615
0,3360,3360
0,9138,9138
1,4314,4314
0,3214,3214
0,7730,7730
0,2636,2636
0,3822,3822
0,6535,6535
0,931,931
1,792,792
0,5887,5887
1,2100,2100
0,2991,2991
0,839,839
0,7372,7372
0,6017,6017
1,7655,7655
0,413,413
0,6105,6105
1,8755,8755
1,9686,9686
0,9114,9114
0,3485,3485
0,1258,1258
0,422,422
0,9491,9491
1,7864,7864
1,1956,1956
1,6930,6930
0,8181,8181
1,4467,4467
1,3738,3738
0,5701,5701
0,3410,3410
0,4052,4052
0,4331,4331
0,8469,8469
0,5032,5032
0,2824,2824
1,7301,7301
0,7693,7693
0,5238,5238
1,2501,2501
0,4258,4258
0,1789,1789
1,5348,5348
0,1144,1144
0,5053,5053
0,1173,1173
0,4885,4885
0,4155,4155
0,6647,6647
0,2731,2731
1,8854,8854
0,5637,5637
1,9367,9367
1,8104,8104
1,5632,5632
0,5994,5994
1,7011,7011
0,5085,5085
0,2057,2057
0,9148,9148
0,402,402
0,8051,8051
0,6675,6675
0,8538,8538
0,4580,4580
0,8939,8939
1,8139,8139
1,2682,2682
0,1501,1501
0,4164,4164
0,647,647
0,6342,6342
1,2848,2848
0,1816,1816
0,221,221
0,1981,1981
0,6020,6020
1,6967,6967
0,8252,8252
0,6963,6963
0,4836,4836
0,5856,5856
0,6519,6519
0,4572,4572
0,3844,3844
0,9081,9081
0,3365,3365
0,9079,9079
1,7470,7470
0,840,840
0,9454,9454
0,6328,6328
0,7549,7549
0,3872,3872
1,9258,9258
0,6982,6982
1,6435,6435
0,8955,8955
1,393,393
0,6378,6378
0,939,939
0,9103,9103
0,2592,2592
0,1381,1381
0,8545,8545
0,4833,4833
0,4243,4243
0,5447,5447
0,5347,5347
0,7292,7292
0,1476,1476
0,5253,5253
0,2675,2675
0,3973,3973
0,8223,8223
0,2935,2935
0,8553,8553
0,6259,6259
1,7347,7347
0,1280,1280
0,185,185
0,6007,6007
0,3895,3895
0,4356,4356
0,4358,4358
0,9539,9539
0,5905,5905
1,9340,9340
0,5027,5027
1,111,111
0,8467,8467
1,3510,3510
0,705,705
0,1309,1309
0,2844,2844
0,4500,4500
0,4862,4862
0,2970,2970
0,1866,1866
1,3630,3630
1,1797,1797
0,6201,6201
0,8759,8759
1,9241,9241
1,559,559
0,4099,4099
0,4755,4755
0,6918,6918
0,5086,5086
1,4814,4814
1,584,584
0,7901,7901
1,9156,9156
0,3546,3546
1,895,895
0,3614,3614
0,50,50
0,9690,9690
0,2188,2188
0,923,923
0,4333,4333
1,3200,3200
1,8674,8674
0,3421,3421
0,384,384
0,7583,7583
0,9378,9378
0,7242,7242
0,6013,6013
0,3213,3213
0,2022,2022
0,4648,4648
0,1399,1399
0,8898,8898
0,7734,7734
0,2494,2494
0,7999,7999
0,7391,7391
0,1642,1642
1,6376,6376
0,7435,7435
1,8893,8893
0,8832,8832
1,9163,9163
0,8070,8070
0,2954,2954
0,7338,7338
1,2953,2953
0,3209,3209
0,8341,8341
0,9669,9669
0,8363,8363
1,138,138
0,1980,1980
0,407,407
0,1038,1038
0,7581,7581
0,141,141
1,6218,6218
0,6289,6289
0,3484,3484
0,345,345
1,5969,5969
0,1907,1907
0,4007,4007
1,8221,8221
0,2121,2121
1,7661,7661
1,5112,5112
0,8026,8026
0,693,693
1,5528,5528
0,3638,3638
0,4238,4238
0,2260,2260
1,2297,2297
0,1825,1825
1,7315,7315
1,7487,7487
0,5569,5569
0,5298,5298
1,2227,2227
0,6561,6561
0,6146,6146
0,7316,7316
1,2567,2567
1,4581,4581
0,7879,7879
1,5325,5325
1,3668,3668
0,3340,3340
0,289,289
1,2955,2955
0,3675,3675
0,6266,6266
0,9121,9121
0,3416,3416
0,2468,2468
0,4889,4889
0,7822,7822
1,1832,1832
0,9293,9293
0,9719,9719
1,7088,7088
0,990,990
1,2984,2984
0,6158,6158
0,6596,6596
0,2776,2776
0,1911,1911
0,3258,3258
0,2910,2910
0,700,700
0,9087,9087
1,5102,5102
0,1475,1475
0,90,90
0,1931,1931
0,5990,5990
0,7806,7806
0,1869,1869
0,9652,9652
0,695,695
0,5501,5501
0,19,19
0,1704,1704
1,7877,7877
0,410,410
0,2578,2578
0,1850,1850
1,8920,8920
0,8286,8286
0,6041,6041
0,9708,9708
0,188,188
0,2583,2583
0,6284,6284
0,3762,3762
0,8914,8914
0,1967,1967
0,4390,4390
0,1679,1679
0,8730,8730
0,7737,7737
0,4108,4108
0,6287,6287
1,9133,9133
0,4110,4110
1,5014,5014
1,3062,3062
0,6554,6554
0,2054,2054
0,5737,5737
0,9309,9309
1,3752,3752
0,4754,4754
0,527,527
0,1119,1119
1,4370,4370
0,8078,8078
0,8619,8619
1,1249,1249
0,2710,2710
0,6422,6422
0,8479,8479
0,8528,8528
0,6951,6951
0,5898,5898
0,2183,2183
0,5404,5404
1,9463,9463
0,3855,3855
0,5859,5859
0,2614,2614
0,3494,3494
1,2385,2385
0,171,171
0,2209,2209
0,3457,3457
0,2617,2617
0,3290,3290
0,1283,1283
0,6608,6608
0,5316,5316
0,1203,1203
1,7523,7523
0,8997,8997
0,3104,3104
0,3324,3324
0,4893,4893
0,9405,9405
0,6898,6898
0,3362,3362
0,4441,4441
0,2267,2267
0,1995,1995
0,4235,4235
0,4224,4224
0,631,631
0,3329,3329
0,8381,8381
0,1498,1498
0,3763,3763
1,9341,9341
0,8837,8837
0,259,259
0,7156,7156
1,8568,8568
0,3649,3649
0,2539,2539
1,1838,1838
0,9615,9615
0,2086,2086
1,6025,6025
0,696,696
1,9267,9267
0,4980,4980
0,7186,7186
0,332,332
0,228,228
0,2458,2458
0,5826,5826
0,3684,3684
0,9203,9203
0,3679,3679
0,7727,7727
0,3093,3093
0,1862,1862
0,858,858
1,1535,1535
0,6690,6690
0,39,39
0,6495,6495
0,5231,5231
0,8738,8738
0,3785,3785
1,2322,2322
1,9302,9302
0,4125,4125
0,2549,2549
0,784,784
0,3898,3898
0,3836,3836
0,8661,8661
0,526,526
0,7410,7410
0,6231,6231
0,8521,8521
0,3625,3625
0,1587,1587
0,9187,9187
0,5196,5196
1,4630,4630
0,7586,7586
0,7567,7567
0,155,155
0,2451,2451
0,8155,8155
0,5566,5566
1,7940,7940
1,8003,8003
0,5278,5278
1,7206,7206
0,3179,3179
0,143,143
0,6100,6100
0,1573,1573
0,4655,4655
0,845,845
0,4254,4254
0,7932,7932
0,8059,8059
0,3733,3733
0,9406,9406
0,4200,4200
0,3619,3619
0,9179,9179
0,6631,6631
0,7958,7958
0,8929,8929
1,7299,7299
0,9562,9562
0,7196,7196
0,5645,5645
1,871,871
0,1106,1106
0,2972,2972
0,5074,5074
0,8980,8980
1,1470,1470
0,5127,5127
0,4463,4463
0,1822,1822
0,9050,9050
0,6381,6381
0,1159,1159
1,5473,5473
0,5194,5194
0,7287,7287
0,36,36
0,9098,9098
0,9556,9556
1,3099,3099
0,4435,4435
0,7794,7794
0,8623,8623
0,7832,7832
0,2707,2707
0,3269,3269
0,4720,4720
0,4562,4562
0,5201,5201
0,3261,3261
0,4074,4074
0,6558,6558
0,1114,1114
0,7069,7069
0,4464,4464
0,6586,6586
0,5417,5417
0,530,530
1,5476,5476
0,4455,4455
0,5975,5975
0,4740,4740
0,8646,8646
0,131,131
0,7698,7698
0,2285,2285
0,1396,1396
0,3793,3793
0,8915,8915
0,6601,6601
1,3683,3683
0,5648,5648
1,8446,8446
0,5750,5750
0,4365,4365
0,6709,6709
0,5302,5302
0,2155,2155
0,6870,6870
0,1960,1960
1,2711,2711
0,682,682
0,2529,2529
0,9217,9217
1,2618,2618
0,3715,3715
0,8105,8105
0,6138,6138
0,2515,2515
1,1708,1708
0,7059,7059
0,7865,7865
0,1078,1078
0,1567,1567
1,7987,7987
0,8795,8795
0,5819,5819
0,3953,3953
0,7670,7670
0,220,220
1,7354,7354
1,6394,6394
1,9731,9731
1,7844,7844
0,5815,5815
1,6344,6344
1,5769,5769
1,8570,8570
0,1073,1073
0,3118,3118
0,6518,6518
1,3876,3876
1,8245,8245
1,6389,6389
1,1409,1409
0,6143,6143
0,7552,7552
0,1608,1608
1,6894,6894
0,7437,7437
0,3145,3145
0,7126,7126
0,4527,4527
0,2283,2283
0,9094,9094
1,2629,2629
0,2002,2002
1,2066,2066
0,7674,7674
0,3228,3228
0,7407,7407
0,7289,7289
0,9677,9677
0,1067,1067
0,3156,3156
0,2445,2445
0,741,741
0,6916,6916
0,129,129
0,3327,3327
1,8052,8052
0,4226,4226
0,5638,5638
0,2647,2647
0,1849,1849
0,4123,4123
0,5323,5323
1,165,165
0,1317,1317
0,7871,7871
0,1637,1637
0,2367,2367
0,6165,6165
0,6255,6255
0,5385,5385
1,4938,4938
0,2687,2687
0,5816,5816
0,8348,8348
0,7804,7804
1,831,831
0,4779,4779
1,6009,6009
0,2915,2915
0,7402,7402
0,2509,2509
0,7895,7895
0,174,174
0,3286,3286
0,1947,1947
0,9306,9306
0,8919,8919
1,247,247
0,5346,5346
0,5563,5563
0,3344,3344
0,379,379
1,147,147
1,7625,7625
0,8204,8204
0,2802,2802
0,1572,1572
0,3871,3871
0,1536,1536
0,5274,5274
0,4818,4818
0,6921,6921
1,6494,6494
0,6678,6678
0,7127,7127
0,6490,6490
0,5137,5137
0,9342,9342
0,499,499
0,1358,1358
0,1633,1633
0,2930,2930
0,6029,6029
1,5071,5071
0,8008,8008
0,9477,9477
0,6738,6738
0,6010,6010
1,5764,5764
1,425,425
0,8974,8974
0,816,816
0,3247,3247
0,9596,9596
0,9332,9332
0,1432,1432
0,1550,1550
0,7906,7906
0,5978,5978
0,6082,6082
0,3385,3385
0,5599,5599
1,2414,2414
1,2346,2346
0,8603,8603
0,703,703
0,2553,2553
0,3478,3478
0,5960,5960
0,7893,7893
0,461,461
0,6045,6045
0,813,813
1,5463,5463
0,2316,2316
0,5948,5948
0,4816,4816
0,7351,7351
0,6108,6108
1,2884,2884
0,3915,3915
0,3840,3840
0,7504,7504
0,7557,7557
1,1799,1799
0,1717,1717
0,1444,1444
0,1307,1307
0,6027,6027
0,8752,8752
1,5629,5629
0,1992,1992
0,2777,2777
0,3597,3597
0,3404,3404
0,681,681
1,9036,9036
0,1429,1429
1,7681,7681
0,3434,3434
1,7006,7006
0,5633,5633
0,1774,1774
0,6961,6961
0,4551,4551
0,4262,4262
0,7756,7756
1,8241,8241
0,73,73
0,3153,3153
0,794,794
0,8065,8065
0,4097,4097
0,3548,3548
0,4656,4656
0,144,144
1,5407,5407
0,194,194
0,8017,8017
0,163,163
0,1546,1546
1,4907,4907
1,3790,3790
0,986,986
0,7966,7966
0,2106,2106
0,8514,8514
0,1845,1845
1,274,274
0,28,28
0,6056,6056
0,1723,1723
0,946,946
0,3462,3462
0,388,388
0,2835,2835
0,658,658
0,2943,2943
0,1726,1726
1,427,427
0,9240,9240
0,3151,3151
1,9124,9124
0,2280,2280
1,5947,5947
1,3767,3767
0,8558,8558
0,5800,5800
0,3032,3032
0,6048,6048
0,979,979
0,1405,1405
1,5503,5503
0,193,193
0,9450,9450
1,2990,2990
0,6573,6573
0,5977,5977
1,7295,7295
0,455,455
0,8834,8834
0,329,329
1,9275,9275
1,8896,8896
0,8648,8648
0,9003,9003
1,2770,2770
0,2177,2177
1,8071,8071
0,2905,2905
0,5468,5468
0,3223,3223
0,6166,6166
0,3417,3417
0,8864,8864
0,5889,5889
1,2170,2170
0,7580,7580
0,8337,8337
0,5475,5475
0,9348,9348
0,9030,9030
0,5129,5129
0,4571,4571
0,494,494
0,8580,8580
0,4931,4931
0,5452,5452
1,1970,1970
0,182,182
0,9213,9213
0,3802,3802
0,5124,5124
0,3651,3651
1,9274,9274
1,7108,7108
0,1240,1240
1,6475,6475
0,4993,4993
0,8692,8692
1,7300,7300
0,787,787
1,2713,2713
0,2122,2122
0,5777,5777
0,5847,5847
0,7983,7983
0,2432,2432
0,1688,1688
1,9049,9049
0,945,945
0,8585,8585
0,9300,9300
0,8202,8202
0,1349,1349
0,8601,8601
0,2561,2561
1,2901,2901
0,7049,7049
1,828,828
1,6162,6162
1,4379,4379
0,6577,6577
0,6993,6993
0,4084,4084
0,7884,7884
0,5465,5465
0,9287,9287
0,7615,7615
0,215,215
1,4850,4850
1,1026,1026
0,4756,4756
0,8127,8127
0,8307,8307
0,2361,2361
1,1364,1364
1,1668,1668
0,3611,3611
0,8554,8554
0,7275,7275
0,8723,8723
1,2011,2011
1,1242,1242
1,2275,2275
0,861,861
0,359,359
1,536,536
0,9721,9721
1,1284,1284
0,2295,2295
0,460,460
0,8928,8928
0,9698,9698
0,560,560
0,8301,8301
1,4815,4815
0,2420,2420
0,6482,6482
0,4341,4341
1,2258,2258
0,3573,3573
0,3805,3805
0,5757,5757
1,3392,3392
0,1549,1549
0,5031,5031
0,3863,3863
0,9130,9130
0,8873,8873
0,7403,7403
0,9189,9189
0,1913,1913
0,3201,3201
0,1032,1032
0,2016,2016
0,1508,1508
0,779,779
0,1944,1944
0,4015,4015
0,3925,3925
1,10,10
0,7159,7159
0,984,984
0,4570,4570
0,4927,4927
0,7185,7185
0,1194,1194
0,4466,4466
0,7973,7973
1,2309,2309
0,3467,3467
0,44,44
1,6151,6151
0,7590,7590
0,5296,5296
0,4607,4607
0,1074,1074
0,7200,7200
0,3349,3349
0,1777,1777
0,8991,8991
0,5095,5095
0,7838,7838
1,1857,1857
0,1813,1813
0,4371,4371
0,4066,4066
0,7215,7215
0,8108,8108
1,2199,2199
0,1068,1068
1,6863,6863
0,7231,7231
0,357,357
0,127,127
0,2070,2070
0,4986,4986
0,1581,1581
0,3098,3098
0,4042,4042
0,7443,7443
0,4232,4232
0,2241,2241
0,7686,7686
0,4593,4593
0,6731,6731
0,1490,1490
0,1948,1948
1,7334,7334
0,870,870
0,153,153
0,4259,4259
0,921,921
0,5579,5579
0,7216,7216
0,8629,8629
0,6595,6595
0,4933,4933
0,8605,8605
0,5390,5390
1,8499,8499
1,9418,9418
0,7988,7988
0,7780,7780
1,4107,4107
0,2294,2294
0,8199,8199
0,9644,9644
0,7361,7361
1,7008,7008
0,4788,4788
0,8507,8507
0,3023,3023
0,9385,9385
0,8663,8663
0,5414,5414
1,3089,3089
0,370,370
0,900,900
1,1179,1179
0,4027,4027
0,1081,1081
0,8075,8075
0,651,651
0,7985,7985
0,6049,6049
0,1918,1918
1,9166,9166
0,207,207
0,5100,5100
0,956,956
0,2758,2758
0,9164,9164
1,1590,1590
0,4597,4597
0,7335,7335
0,4958,4958
0,981,981
0,4666,4666
0,7181,7181
0,5846,5846
0,6379,6379
0,6412,6412
1,4447,4447
0,2718,2718
0,5117,5117
0,3236,3236
0,2238,2238
0,282,282
0,7368,7368
0,8370,8370
0,563,563
0,3663,3663
0,8592,8592
0,5042,5042
0,7585,7585
0,3558,3558
0,8965,8965
0,2298,2298
0,1667,1667
0,7522,7522
0,769,769
0,7411,7411
0,881,881
0,2973,2973
1,4417,4417
0,4660,4660
0,3955,3955
0,1555,1555
0,1959,1959
0,4830,4830
1,9415,9415
0,2939,2939
0,7997,7997
1,3157,3157
0,6302,6302
0,1360,1360
0,5825,5825
0,671,671
0,5307,5307
0,1247,1247
0,4089,4089
0,6493,6493
0,6745,6745
0,7063,7063
0,4647,4647
1,992,992
0,8209,8209
0,8297,8297
0,4747,4747
0,2356,2356
0,6512,6512
1,1530,1530
0,483,483
0,5543,5543
0,9664,9664
0,4295,4295
0,2837,2837
0,1485,1485
0,8464,8464
1,8222,8222
0,9583,9583
1,7752,7752
1,7981,7981
1,581,581
0,4450,4450
0,1421,1421
0,4323,4323
0,7188,7188
0,8058,8058
1,1770,1770
0,7092,7092
1,325,325
0,5697,5697
0,3136,3136
0,5329,5329
0,8912,8912
0,8649,8649
1,7230,7230
0,7786,7786
0,5121,5121
0,7089,7089
0,1730,1730
0,6467,6467
0,576,576
0,8460,8460
0,7726,7726
0,7907,7907
0,1565,1565
0,1645,1645
0,2701,2701
0,9689,9689
1,8959,8959
0,9127,9127
0,7236,7236
0,5244,5244
0,8666,8666
0,8033,8033
0,2582,2582
1,9337,9337
0,2751,2751
0,4205,4205
0,9389,9389
0,2217,2217
0,7134,7134
0,1488,1488
0,3256,3256
0,760,760
1,5399,5399
0,1755,1755
1,7469,7469
0,6303,6303
1,7129,7129
0,5802,5802
1,1914,1914
0,2174,2174
0,7764,7764
0,9277,9277
0,2347,2347
0,4145,4145
0,6329,6329
1,3714,3714
0,2187,2187
0,5553,5553
0,7348,7348
0,7630,7630
1,8697,8697
1,4299,4299
0,1387,1387
0,2395,2395
0,3879,3879
0,4058,4058
0,2753,2753
0,2815,2815
0,5993,5993
0,6590,6590
0,6399,6399
0,3373,3373
0,465,465
0,7025,7025
0,9119,9119
0,6274,6274
0,7374,7374
1,4582,4582
1,9437,9437
0,6973,6973
0,1696,1696
0,2611,2611
0,7024,7024
0,3224,3224
0,1120,1120
0,3656,3656
0,5852,5852
0,4225,4225
1,7211,7211
0,2371,2371
0,5052,5052
0,7709,7709
0,7659,7659
0,5659,5659
0,3162,3162
0,6052,6052
0,5397,5397
0,4448,4448
0,4786,4786
1,2,2
1,902,902
0,2178,2178
0,5165,5165
0,9088,9088
0,6685,6685
0,3267,3267
0,6929,6929
0,4431,4431
0,5530,5530
1,640,640
0,8503,8503
0,6037,6037
0,8106,8106
1,877,877
0,890,890
0,9557,9557
1,2816,2816
0,4035,4035
0,5120,5120
1,8830,8830
0,8604,8604
0,9564,9564
0,4130,4130
0,5817,5817
0,1547,1547
1,5831,5831
1,1424,1424
0,4856,4856
0,8187,8187
0,5226,5226
0,3893,3893
1,1522,1522
0,4101,4101
0,2278,2278
1,5607,5607
1,9155,9155
0,1630,1630
1,6634,6634
0,8369,8369
0,2949,2949
0,7498,7498
0,6662,6662
0,5224,5224
1,5976,5976
0,22,22
0,7506,7506
0,233,233
0,6661,6661
0,1625,1625
0,3585,3585
0,6358,6358
0,720,720
0,1839,1839
0,4199,4199
0,8278,8278
0,8437,8437
0,2663,2663
0,5716,5716
0,1641,1641
0,1260,1260
0,8713,8713
0,4729,4729
0,8608,8608
0,2666,2666
0,4104,4104
0,9319,9319
0,6840,6840
0,6127,6127
0,5384,5384
0,8365,8365
1,9086,9086
0,64,64
0,7454,7454
0,4443,4443
0,4169,4169
0,9357,9357
1,976,976
0,1135,1135
1,7543,7543
1,3778,3778
0,1984,1984
0,5242,5242
0,4480,4480
0,6028,6028
0,9522,9522
1,3730,3730
0,3563,3563
1,2282,2282
0,4547,4547
0,8417,8417
1,2796,2796
0,6914,6914
0,1901,1901
0,912,912
0,6016,6016
0,2401,2401
0,2577,2577
1,4362,4362
1,7466,7466
1,358,358
1,7880,7880
0,3275,3275
0,5691,5691
0,2462,2462
1,7747,7747
1,3574,3574
1,7903,7903
0,4675,4675
0,8500,8500
0,1665,1665
0,7540,7540
0,4080,4080
0,6112,6112
0,9500,9500
0,5483,5483
0,6908,6908
0,4621,4621
0,1245,1245
0,2792,2792
0,348,348
0,6729,6729
1,6619,6619
0,6910,6910
0,5433,5433
0,8066,8066
0,7047,7047
0,632,632
0,4998,4998
1,5587,5587
0,5336,5336
0,8899,8899
1,5576,5576
0,5592,5592
0,8678,8678
0,8111,8111
0,4912,4912
0,9404,9404
0,3516,3516
1,5369,5369
1,3728,3728
0,3171,3171
0,8371,8371
1,8736,8736
0,798,798
0,2024,2024
0,7653,7653
0,7814,7814
0,8414,8414
0,6681,6681
0,6813,6813
1,1216,1216
0,8316,8316
0,5286,5286
0,8173,8173
0,1235,1235
0,7902,7902
0,6300,6300
0,399,399
0,1556,1556
0,8587,8587
0,3508,3508
0,304,304
0,9448,9448
1,6419,6419
1,9291,9291
0,8238,8238
0,8329,8329
0,8154,8154
0,5177,5177
1,3806,3806
0,303,303
0,1015,1015
0,1606,1606
0,1465,1465
0,4209,4209
0,2581,2581
0,5761,5761
0,5491,5491
0,585,585
0,2985,2985
1,5546,5546
0,2998,2998
0,1005,1005
1,8695,8695
0,6202,6202
1,3809,3809
0,3515,3515
0,3655,3655
1,556,556
0,2427,2427
0,3403,3403
1,5412,5412
0,3166,3166
1,8255,8255
0,8823,8823
0,7588,7588
1,7930,7930
0,2921,2921
0,8655,8655
0,2097,2097
0,4835,4835
1,9360,9360
1,1060,1060
0,1989,1989
0,1807,1807
0,6132,6132
0,6633,6633
0,7882,7882
0,4600,4600
0,4493,4493
1,7102,7102
0,7034,7034
1,2442,2442
0,3901,3901
0,528,528
0,4916,4916
0,2105,2105
1,2042,2042
0,8161,8161
0,7202,7202
0,3528,3528
0,9128,9128
0,6628,6628
0,3432,3432
0,5411,5411
0,4870,4870
0,6722,6722
0,1660,1660
0,9232,9232
0,5107,5107
0,6455,6455
0,3808,3808
0,1768,1768
0,6597,6597
0,7921,7921
0,3848,3848
0,5271,5271
0,9667,9667
0,6658,6658
0,1183,1183
0,7905,7905
1,8838,8838
1,8533,8533
0,8633,8633
0,2840,2840
0,5987,5987
0,977,977
0,6996,6996
0,3612,3612
0,2161,2161
0,7572,7572
1,126,126
0,1756,1756
0,7922,7922
0,5558,5558
0,3010,3010
1,9019,9019
0,6735,6735
0,5881,5881
0,8975,8975
0,8413,8413
0,8746,8746
0,9053,9053
1,3850,3850
0,4528,4528
0,1532,1532
0,493,493
0,3557,3557
0,7342,7342
0,6711,6711
1,1464,1464
0,9282,9282
0,3928,3928
0,8377,8377
0,1126,1126
0,4079,4079
1,2033,2033
0,5234,5234
0,9684,9684
1,116,116
0,9146,9146
0,3218,3218
0,7640,7640
0,675,675
0,7664,7664
0,8645,8645
0,8001,8001
0,3737,3737
0,1207,1207
0,7782,7782
0,6223,6223
0,5076,5076
0,9233,9233
0,6909,6909
0,2571,2571
0,3085,3085
0,9660,9660
0,4960,4960
1,9650,9650
0,4069,4069
0,9516,9516
0,699,699
1,3642,3642
0,5774,5774
0,6945,6945
0,6850,6850
1,122,122
0,4070,4070
0,9209,9209
0,1008,1008
1,8984,8984
1,1767,1767
0,8144,8144
0,3003,3003
0,9247,9247
0,8833,8833
1,1507,1507
0,8977,8977
0,1595,1595
0,3832,3832
1,7611,7611
0,6402,6402
0,1611,1611
0,6483,6483
0,1082,1082
1,5635,5635
0,471,471
0,4328,4328
0,148,148
1,801,801
0,7594,7594
0,7465,7465
0,7262,7262
1,5642,5642
1,9622,9622
1,5727,5727
0,1554,1554
0,7803,7803
0,3696,3696
1,6855,6855
1,9616,9616
0,5778,5778
0,5693,5693
0,1175,1175
0,3043,3043
1,803,803
0,6456,6456
0,6242,6242
0,554,554
0,6780,6780
0,4347,4347
0,2963,2963
0,3987,3987
0,9263,9263
1,4866,4866
0,3094,3094
0,3562,3562
0,6181,6181
0,6175,6175
0,7719,7719
1,9638,9638
0,4970,4970
0,2952,2952
0,3262,3262
0,9503,9503
0,5711,5711
1,1837,1837
0,3837,3837
0,702,702
0,5560,5560
0,9122,9122
0,752,752
0,6600,6600
1,4039,4039
1,5523,5523
0,9587,9587
0,1111,1111
0,9067,9067
0,7732,7732
0,2243,2243
0,662,662
0,5520,5520
0,7140,7140
0,5078,5078
0,2368,2368
1,6574,6574
0,8513,8513
0,1787,1787
0,5156,5156
0,2137,2137
0,7222,7222
0,6754,6754
0,2416,2416
1,5605,5605
1,9139,9139
0,9161,9161
0,4165,4165
0,8353,8353
0,4791,4791
0,3198,3198
0,6339,6339
0,7974,7974
0,4518,4518
0,985,985
1,2566,2566
0,8288,8288
0,3685,3685
1,836,836
1,9469,9469
1,1095,1095
0,7928,7928
0,9683,9683
0,7305,7305
0,6370,6370
0,6288,6288
0,6588,6588
0,8890,8890
1,3941,3941
0,1205,1205
0,6720,6720
0,7739,7739
1,3135,3135
0,2832,2832
1,5583,5583
0,344,344
0,9481,9481
0,3509,3509
0,4568,4568
1,9026,9026
0,72,72
0,2787,2787
1,9542,9542
0,2861,2861
0,2828,2828
0,8681,8681
0,7036,7036
1,8595,8595
1,3667,3667
0,1710,1710
0,2569,2569
0,6895,6895
0,5344,5344
1,889,889
0,6953,6953
0,3554,3554
0,1703,1703
0,2995,2995
0,691,691
0,2081,2081
0,1292,1292
0,5920,5920
0,1848,1848
0,479,479
0,4306,4306
0,5167,5167
1,9118,9118
1,4115,4115
1,1589,1589
0,3364,3364
1,9568,9568
0,8966,8966
0,1290,1290
0,3604,3604
0,7518,7518
0,2867,2867
0,4555,4555
0,2584,2584
0,3566,3566
0,3395,3395
1,3103,3103
0,7103,7103
0,5582,5582
0,2326,2326
1,808,808
0,43,43
0,6309,6309
0,2038,2038
0,3770,3770
0,6938,6938
1,5089,5089
0,2782,2782
0,4501,4501
0,3225,3225
0,6937,6937
0,6340,6340
0,4184,4184
1,446,446
0,2306,2306
0,5038,5038
0,6170,6170
0,9321,9321
0,574,574
0,3342,3342
0,9618,9618
0,1930,1930
0,3331,3331
0,2712,2712
0,3181,3181
0,2533,2533
1,8293,8293
1,5337,5337
0,7246,7246
0,1886,1886
0,7115,7115
0,6667,6667
0,1034,1034
1,5284,5284
1,4932,4932
1,5111,5111
0,5310,5310
0,4211,4211
1,9546,9546
0,6995,6995
1,7867,7867
0,98,98
1,3774,3774
0,4728,4728
0,4241,4241
0,4670,4670
1,4810,4810
0,8506,8506
0,969,969
0,898,898
0,3476,3476
0,9553,9553
0,8544,8544
0,3838,3838
0,7138,7138
0,7044,7044
1,6393,6393
0,9671,9671
0,6234,6234
0,8703,8703
0,4194,4194
0,5424,5424
0,4433,4433
0,8306,8306
1,7836,7836
0,3312,3312
0,9325,9325
1,9007,9007
1,1533,1533
0,600,600
0,2789,2789
0,5957,5957
0,5662,5662
0,6480,6480
0,6360,6360
0,4592,4592
1,566,566
0,6377,6377
0,4346,4346
0,6960,6960
0,1339,1339
0,8954,8954
0,2748,2748
0,8594,8594
0,5058,5058
1,6942,6942
0,8517,8517
0,2332,2332
1,392,392
0,6423,6423
1,8388,8388
0,7239,7239
1,8487,8487
1,7296,7296
0,2344,2344
0,1824,1824
0,1192,1192
0,7547,7547
0,8756,8756
0,8857,8857
0,793,793
0,6814,6814
0,1202,1202
0,9018,9018
0,1086,1086
0,6353,6353
0,2452,2452
0,1699,1699
0,8073,8073
0,8237,8237
0,1117,1117
0,4387,4387
0,3859,3859
0,4566,4566
1,9131,9131
0,5025,5025
1,4649,4649
0,2657,2657
1,340,340
0,924,924
1,7320,7320
0,6479,6479
0,1230,1230
0,2279,2279
1,3951,3951
0,476,476
0,3368,3368
1,7204,7204
1,9411,9411
0,4423,4423
1,6794,6794
0,283,283
1,6912,6912
1,5248,5248
0,8784,8784
0,9371,9371
0,7263,7263
0,6842,6842
1,664,664
0,6290,6290
0,7424,7424
1,960,960
0,2742,2742
1,9544,9544
1,7276,7276
0,4361,4361
0,6656,6656
0,1986,1986
0,6097,6097
0,2845,2845
0,5046,5046
0,4135,4135
0,3929,3929
0,758,758
0,6587,6587
0,3390,3390
0,806,806
0,5203,5203
0,9162,9162
0,6864,6864
0,6974,6974
0,4898,4898
0,9043,9043
0,8781,8781
0,6728,6728
0,7943,7943
1,1191,1191
0,3168,3168
1,4127,4127
1,9099,9099
0,6396,6396
0,9056,9056
0,950,950
1,9259,9259
0,6505,6505
0,2737,2737
0,6692,6692
0,6346,6346
0,607,607
0,4459,4459
0,6449,6449
0,540,540
1,8335,8335
0,2590,2590
0,936,936
1,8372,8372
0,5841,5841
0,954,954
0,9193,9193
1,2889,2889
1,5882,5882
0,8280,8280
1,6525,6525
0,3473,3473
0,6278,6278
0,8868,8868
0,1521,1521
1,6489,6489
0,226,226
0,8566,8566
0,2410,2410
0,8206,8206
1,1603,1603
0,7447,7447
0,3197,3197
1,251,251
0,5878,5878
0,5391,5391
0,7237,7237
0,5935,5935
0,5208,5208
0,7978,7978
0,6642,6642
0,733,733
0,849,849
0,7217,7217
0,4674,4674
0,8136,8136
0,3322,3322
1,1226,1226
0,4294,4294
1,6531,6531
0,1599,1599
0,4972,4972
0,9356,9356
1,8018,8018
0,4173,4173
0,9171,9171
0,562,562
0,6893,6893
1,6798,6798
0,8195,8195
0,5214,5214
1,5591,5591
0,4404,4404
0,7393,7393
0,903,903
0,2677,2677
0,498,498
0,7643,7643
0,3635,3635
0,6615,6615
0,9648,9648
0,3926,3926
0,4049,4049
0,2781,2781
0,7493,7493
0,3666,3666
0,4828,4828
0,3792,3792
0,8883,8883
0,5700,5700
0,7043,7043
1,8056,8056
0,7801,7801
0,1297,1297
1,8243,8243
0,3814,3814
0,2810,2810
0,6905,6905
0,3740,3740
0,8583,8583
0,6213,6213
1,2263,2263
1,3011,3011
0,5679,5679
1,6133,6133
1,7558,7558
0,3375,3375
0,7911,7911
0,2220,2220
0,7892,7892
0,4492,4492
0,9308,9308
0,2739,2739
0,8434,8434
1,2197,2197
0,8579,8579
0,2049,2049
0,8866,8866
0,8856,8856
0,16,16
0,5873,5873
1,4781,4781
0,9417,9417
0,4545,4545
0,6236,6236
0,9201,9201
1,1395,1395
0,5185,5185
0,179,179
0,7179,7179
0,9567,9567
0,573,573
1,8176,8176
0,1954,1954
0,2661,2661
1,4495,4495
0,110,110
0,9370,9370
0,6903,6903
0,3379,3379
0,1491,1491
0,1987,1987
0,3748,3748
0,9423,9423
0,6520,6520
0,1985,1985
0,5009,5009
0,241,241
0,6549,6549
0,930,930
0,9042,9042
0,5600,5600
0,4717,4717
0,4521,4521
1,8137,8137
0,8451,8451
0,7264,7264
1,1435,1435
0,5588,5588
0,3241,3241
0,6228,6228
0,6103,6103
0,1178,1178
0,4014,4014
0,5933,5933
0,3320,3320
0,2087,2087
0,6782,6782
0,2218,2218
0,1402,1402
0,337,337
0,3429,3429
0,4834,4834
0,4628,4628
0,2104,2104
0,6214,6214
0,2342,2342
0,6669,6669
0,5842,5842
1,9180,9180
0,9413,9413
0,549,549
0,378,378
1,2599,2599
0,2846,2846
1,2012,2012
0,1049,1049
0,7394,7394
0,6892,6892
0,517,517
0,3887,3887
1,2386,2386
0,7359,7359
1,8028,8028
0,4837,4837
0,2467,2467
0,2542,2542
0,7187,7187
0,8313,8313
0,3739,3739
0,7406,7406
0,5366,5366
0,6044,6044
0,5741,5741
0,5162,5162
0,2236,2236
0,2728,2728
0,1657,1657
0,5202,5202
0,1540,1540
1,4073,4073
0,9654,9654
0,4645,4645
0,5775,5775
0,1659,1659
0,5985,5985
0,2221,2221
0,4046,4046
0,6425,6425
0,4891,4891
0,8581,8581
0,8662,8662
0,4691,4691
0,906,906
0,286,286
1,5237,5237
0,7363,7363
0,7809,7809
0,125,125
0,8885,8885
1,2483,2483
0,6147,6147
0,6057,6057
1,9462,9462
1,8940,8940
0,3589,3589
0,7571,7571
1,7050,7050
0,2028,2028
0,6273,6273
1,2443,2443
0,3535,3535
0,5175,5175
0,8676,8676
1,365,365
0,6566,6566
1,8359,8359
1,8886,8886
0,7916,7916
0,3572,3572
0,6784,6784
0,2319,2319
1,5255,5255
0,2690,2690
0,3396,3396
0,2446,2446
0,1392,1392
0,9312,9312
0,8458,8458
0,6956,6956
0,6076,6076
0,4188,4188
1,4743,4743
1,2059,2059
1,7313,7313
0,1277,1277
0,9387,9387
0,1322,1322
0,1707,1707
0,4198,4198
0,8687,8687
0,5784,5784
0,9386,9386
0,2082,2082
0,5834,5834
0,7738,7738
1,3776,3776
0,7460,7460
0,7529,7529
0,295,295
0,2637,2637
1,7534,7534
0,311,311
0,2207,2207
0,8989,8989
0,905,905
0,2048,2048
1,616,616
0,5262,5262
0,6613,6613
0,3361,3361
0,8063,8063
0,9591,9591
1,7355,7355
0,3477,3477
1,5812,5812
0,9272,9272
0,7626,7626
1,6079,6079
1,9631,9631
0,5955,5955
0,2052,2052
0,2352,2352
0,4771,4771
0,3445,3445
0,9129,9129
0,7555,7555
0,2775,2775
0,7712,7712
0,1171,1171
1,2315,2315
1,1232,1232
0,7575,7575
0,531,531
1,6986,6986
1,5159,5159
0,4710,4710
0,5294,5294
0,9235,9235
0,4595,4595
0,9315,9315
0,7479,7479
0,8491,8491
0,7637,7637
0,3845,3845
0,6716,6716
0,6704,6704
0,7182,7182
0,5451,5451
0,8744,8744
0,8938,8938
0,7634,7634
0,4397,4397
0,2141,2141
0,84,84
0,3889,3889
0,6737,6737
0,9078,9078
1,1201,1201
0,5478,5478
0,3601,3601
0,2502,2502
1,6744,6744
0,1014,1014
0,75,75
0,3514,3514
0,9024,9024
0,9519,9519
0,1872,1872
0,9333,9333
0,4721,4721
0,1858,1858
0,2092,2092
0,3682,3682
1,5153,5153
0,4122,4122
0,5141,5141
0,8616,8616
0,5649,5649
0,9068,9068
0,8304,8304
0,6734,6734
0,4858,4858
0,2210,2210
0,3332,3332
0,6500,6500
0,3719,3719
0,4013,4013
0,1757,1757
1,9160,9160
0,65,65
0,8683,8683
0,1893,1893
0,3969,3969
0,1827,1827
0,9610,9610
0,9270,9270
1,8705,8705
0,2051,2051
0,8698,8698
0,8405,8405
0,7247,7247
0,114,114
0,4698,4698
0,1344,1344
0,5844,5844
0,9195,9195
0,468,468
0,5410,5410
1,8652,8652
1,6645,6645
0,1928,1928
0,1320,1320
1,6171,6171
1,7758,7758
0,6747,6747
0,4413,4413
0,4489,4489
0,239,239
0,2171,2171
0,6541,6541
0,3506,3506
0,6362,6362
0,4406,4406
0,5654,5654
0,2396,2396
0,3053,3053
0,7530,7530
0,5142,5142
0,2604,2604
0,3063,3063
0,1139,1139
0,6891,6891
0,7248,7248
0,9400,9400
0,35,35
0,4189,4189
0,5845,5845
0,1303,1303
0,4385,4385
0,1099,1099
0,1586,1586
0,5879,5879
0,2631,2631
0,1103,1103
1,2004,2004
0,8881,8881
0,4325,4325
0,3348,3348
0,6386,6386
1,7398,7398
0,7725,7725
0,1142,1142
0,4974,4974
0,4345,4345
0,1760,1760
0,7322,7322
0,6,6
0,8406,8406
0,2069,2069
0,7713,7713
0,1121,1121
1,2715,2715
1,1691,1691
0,1620,1620
0,5305,5305
0,6679,6679
0,4716,4716
0,2290,2290
1,4168,4168
0,5421,5421
0,964,964
1,5036,5036
0,3829,3829
1,6980,6980
0,4925,4925
0,8232,8232
0,5849,5849
0,2405,2405
0,7787,7787
0,3517,3517
0,4880,4880
1,6407,6407
1,3479,3479
0,6229,6229
0,2055,2055
0,2126,2126
0,3493,3493
0,5028,5028
0,524,524
1,3268,3268
0,7118,7118
0,3064,3064
0,5702,5702
1,3469,3469
0,4271,4271
0,6703,6703
1,2829,2829
0,482,482
0,9336,9336
0,9015,9015
0,710,710
0,6411,6411
0,6820,6820
0,940,940
0,3673,3673
0,9206,9206
1,362,362
0,9061,9061
0,1050,1050
0,7013,7013
0,3490,3490
1,9137,9137
0,442,442
0,5474,5474
1,3688,3688
1,3408,3408
0,3988,3988
1,5706,5706
0,1215,1215
0,4530,4530
0,772,772
0,7900,7900
0,2330,2330
0,3402,3402
0,5252,5252
1,4278,4278
0,9207,9207
0,3182,3182
0,4661,4661
1,650,650
0,4981,4981
0,7576,7576
0,7948,7948
0,3910,3910
0,9324,9324
0,7162,7162
1,1440,1440
0,7675,7675
0,146,146
0,7133,7133
0,5292,5292
0,6785,6785
0,2606,2606
0,5080,5080
0,6485,6485
1,3660,3660
0,5690,5690
0,8416,8416
0,8804,8804
0,6156,6156
1,1566,1566
0,4577,4577
0,23,23
1,8529,8529
0,6899,6899
0,6258,6258
0,6458,6458
0,5434,5434
0,1800,1800
0,5534,5534
0,9474,9474
1,5321,5321
0,5619,5619
0,6488,6488
0,8266,8266
0,2740,2740
0,3346,3346
0,8320,8320
0,162,162
0,6301,6301
0,7250,7250
0,1083,1083
0,6263,6263
0,7337,7337
0,6823,6823
0,2644,2644
0,4546,4546
0,8057,8057
0,280,280
0,6030,6030
0,7526,7526
0,4883,4883
0,2723,2723
0,3827,3827
0,1437,1437
0,1735,1735
1,5056,5056
0,9507,9507
0,1166,1166
0,6680,6680
0,5524,5524
0,7440,7440
1,1591,1591
0,8091,8091
1,7728,7728
0,7021,7021
0,4643,4643
0,3155,3155
0,464,464
1,7445,7445
0,4633,4633
0,8194,8194
0,41,41
0,7396,7396
1,4623,4623
0,9633,9633
1,2198,2198
1,2580,2580
0,9473,9473
0,2870,2870
0,3363,3363
1,7404,7404
1,4769,4769
0,2941,2941
0,6457,6457
0,9245,9245
0,3217,3217
1,236,236
1,5363,5363
0,7476,7476
0,7214,7214
0,6462,6462
1,7516,7516
0,8518,8518
0,4275,4275
0,53,53
0,515,515
0,2404,2404
0,214,214
1,284,284
0,5406,5406
0,1161,1161
1,7897,7897
0,3771,3771
0,6432,6432
0,7627,7627
1,4149,4149
0,6403,6403
0,5949,5949
0,4359,4359
1,1287,1287
0,9328,9328
0,6195,6195
0,3736,3736
1,3231,3231
0,781,781
1,2417,2417
0,3665,3665
0,7944,7944
0,8904,8904
0,8520,8520
0,279,279
1,9202,9202
0,3985,3985
0,6221,6221
1,4651,4651
1,1204,1204
1,6655,6655
1,5219,5219
0,477,477
0,613,613
0,1864,1864
0,9672,9672
0,4036,4036
0,1996,1996
0,3841,3841
1,7141,7141
0,4086,4086
0,4481,4481
0,6373,6373
0,6268,6268
0,2167,2167
0,3717,3717
0,747,747
1,3653,3653
0,8995,8995
0,7917,7917
0,597,597
0,7016,7016
0,851,851
0,6470,6470
1,4313,4313
0,8847,8847
0,8393,8393
0,1629,1629
0,5544,5544
0,7425,7425
0,3441,3441
0,6927,6927
1,8685,8685
0,7241,7241
0,542,542
0,4136,4136
0,9085,9085
0,505,505
0,7718,7718
1,2045,2045
0,7715,7715
1,6695,6695
0,659,659
0,1257,1257
0,3784,3784
1,586,586
0,3540,3540
0,6334,6334
0,9204,9204
0,6275,6275
0,5861,5861
0,3637,3637
1,7924,7924
0,7510,7510
0,5221,5221
0,1628,1628
0,7729,7729
0,8146,8146
0,8643,8643
0,4456,4456
0,2152,2152
1,2987,2987
0,3194,3194
0,567,567
0,203,203
0,6987,6987
1,2801,2801
0,4955,4955
0,3251,3251
0,4842,4842
0,8572,8572
0,9041,9041
0,8606,8606
0,6246,6246
0,7620,7620
1,5045,5045
0,5699,5699
0,3550,3550
0,8821,8821
0,4895,4895
0,888,888
0,1388,1388
0,1441,1441
1,4422,4422
0,2925,2925
1,2744,2744
0,2144,2144
1,85,85
0,2641,2641
0,3069,3069
1,8978,8978
0,3178,3178
0,4676,4676
0,9134,9134
0,3672,3672
1,3501,3501
0,622,622
0,1933,1933
1,8818,8818
0,3248,3248
0,4157,4157
0,3386,3386
0,7339,7339
0,3888,3888
0,4679,4679
0,9563,9563
0,7104,7104
0,4093,4093
0,2864,2864
0,2709,2709
0,4971,4971
0,4064,4064
1,6107,6107
0,4129,4129
0,8747,8747
0,3183,3183
0,4183,4183
0,1428,1428
0,5472,5472
0,5891,5891
0,8742,8742
0,6536,6536
0,4784,4784
0,9396,9396
0,7130,7130
0,5809,5809
0,2876,2876
0,5088,5088
0,254,254
0,7324,7324
1,1856,1856
0,5172,5172
0,6232,6232
1,5013,5013
0,61,61
0,7389,7389
0,3387,3387
1,3265,3265
1,6883,6883
1,6800,6800
0,8324,8324
1,3592,3592
0,4503,4503
0,4853,4853
0,7976,7976
0,3760,3760
0,6762,6762
1,3455,3455
0,5082,5082
1,5767,5767
0,818,818
0,9173,9173
0,9110,9110
0,3504,3504
0,9279,9279
0,2784,2784
0,8099,8099
0,3164,3164
0,7065,7065
1,4434,4434
0,9108,9108
0,4407,4407
0,7855,7855
0,1578,1578
1,307,307
0,2225,2225
0,2132,2132
0,489,489
0,2545,2545
0,1932,1932
0,5448,5448
1,5342,5342
0,5109,5109
0,7652,7652
0,7668,7668
0,866,866
0,3451,3451
0,7267,7267
1,3014,3014
0,3293,3293
1,6991,6991
0,6102,6102
0,7458,7458
1,9331,9331
1,7862,7862
0,2736,2736
1,7796,7796
0,2490,2490
0,4163,4163
0,196,196
1,6551,6551
0,1416,1416
0,5367,5367
0,6789,6789
0,1702,1702
1,7550,7550
0,8116,8116
0,5925,5925
0,2903,2903
1,680,680
0,657,657
0,7769,7769
0,3830,3830
0,9589,9589
0,2264,2264
1,5814,5814
1,5634,5634
1,4968,4968
0,1885,1885
0,2922,2922
0,3070,3070
0,7953,7953
1,1718,1718
0,5500,5500
0,3556,3556
1,8578,8578
0,7979,7979
0,8234,8234
0,3073,3073
0,6835,6835
0,8624,8624
0,6671,6671
1,8519,8519
1,7483,7483
0,3590,3590
0,6047,6047
0,3645,3645
0,2940,2940
0,5519,5519
1,8495,8495
0,3113,3113
0,1894,1894
1,9518,9518
0,7967,7967
0,4539,4539
0,1334,1334
0,4336,4336
0,4586,4586
0,3253,3253
0,457,457
0,8290,8290
0,1779,1779
0,290,290
1,3999,3999
0,5396,5396
0,3428,3428
0,6391,6391
0,9011,9011
0,6477,6477
0,1515,1515
0,7861,7861
0,4287,4287
1,2321,2321
0,2268,2268
0,5393,5393
0,6164,6164
0,5180,5180
0,9724,9724
0,1482,1482
0,5288,5288
0,5386,5386
0,9729,9729
0,7164,7164
0,1238,1238
0,8901,8901
0,5526,5526
0,756,756
0,8909,8909
0,6089,6089
0,4081,4081
0,8024,8024
0,3366,3366
0,5209,5209
0,3658,3658
0,3107,3107
0,8399,8399
0,1751,1751
1,3865,3865
1,575,575
0,3055,3055
1,5848,5848
0,8796,8796
1,999,999
0,56,56
0,8721,8721
0,3453,3453
0,374,374
0,2986,2986
0,6367,6367
0,3956,3956
0,9212,9212
0,623,623
0,8508,8508
1,7489,7489
0,3489,3489
0,2851,2851
0,5779,5779
1,2648,2648
1,1585,1585
0,8828,8828
0,4685,4685
0,7678,7678
0,3004,3004
1,3967,3967
1,7868,7868
0,6071,6071
0,1443,1443
0,6838,6838
0,327,327
0,2103,2103
1,6988,6988
0,429,429
0,7438,7438
0,685,685
0,8389,8389
0,9052,9052
0,6418,6418
0,5835,5835
0,2613,2613
0,8509,8509
1,1136,1136
0,3013,3013
0,2627,2627
0,777,777
0,814,814
1,2429,2429
0,6282,6282
0,3641,3641
1,7078,7078
0,3613,3613
0,1406,1406
0,535,535
1,2853,2853
0,3664,3664
0,9262,9262
0,2117,2117
0,265,265
0,9578,9578
1,1151,1151
0,1269,1269
0,6417,6417
0,4427,4427
0,91,91
0,1321,1321
1,3077,3077
0,2173,2173
0,5570,5570
0,5983,5983
0,5589,5589
0,4700,4700
0,7746,7746
0,6805,6805
0,4637,4637
0,9104,9104
0,1169,1169
1,3676,3676
0,5547,5547
1,2237,2237
0,5222,5222
0,6887,6887
0,140,140
0,4021,4021
0,8996,8996
0,5618,5618
0,4212,4212
0,7644,7644
0,5804,5804
0,7456,7456
0,8170,8170
0,1187,1187
1,9256,9256
0,2114,2114
0,5250,5250
1,330,330
0,4119,4119
0,8325,8325
0,8961,8961
0,3391,3391
1,4437,4437
0,8749,8749
0,1655,1655
0,1487,1487
0,2659,2659
0,5515,5515
0,5910,5910
0,4509,4509
1,8614,8614
0,5496,5496
0,2932,2932
0,6726,6726
0,1542,1542
0,5067,5067
0,1271,1271
0,4573,4573
0,8462,8462
0,2431,2431
0,8336,8336
0,4965,4965
0,4569,4569
0,2433,2433
0,9184,9184
0,6189,6189
0,3502,3502
0,139,139
1,1812,1812
0,4915,4915
0,8262,8262
0,1969,1969
0,9623,9623
0,5595,5595
0,1529,1529
0,6361,6361
0,2684,2684
0,9313,9313
0,2519,2519
0,3302,3302
0,5836,5836
0,4900,4900
0,2878,2878
0,6094,6094
0,3443,3443
0,8331,8331
0,9713,9713
0,7742,7742
0,5409,5409
0,3314,3314
0,3154,3154
1,819,819
0,2335,2335
1,5049,5049
0,4761,4761
0,3491,3491
1,1520,1520
1,7691,7691
0,9520,9520
0,5003,5003
0,2547,2547
0,4584,4584
0,2277,2277
0,9229,9229
0,5480,5480
0,6543,6543
0,2735,2735
0,2063,2063
0,8610,8610
0,8343,8343
0,5044,5044
0,5707,5707
0,6241,6241
0,5361,5361
1,5230,5230
0,7870,7870
0,2392,2392
0,2897,2897
0,2779,2779
1,8650,8650
0,8048,8048
1,3647,3647
0,4583,4583
0,2747,2747
0,1007,1007
0,8717,8717
0,5715,5715
0,3036,3036
0,2355,2355
0,2083,2083
0,7066,7066
0,6831,6831
0,9630,9630
0,3561,3561
0,5718,5718
0,7096,7096
0,8021,8021
0,2755,2755
0,5580,5580
0,9681,9681
0,6442,6442
0,9407,9407
1,5660,5660
0,8688,8688
0,5072,5072
0,8811,8811
0,4923,4923
0,944,944
0,2464,2464
0,7676,7676
0,27,27
0,3180,3180
1,7647,7647
0,7203,7203
0,2040,2040
0,3789,3789
0,2668,2668
1,6968,6968
1,2373,2373
1,2804,2804
0,1391,1391
0,4831,4831
0,7003,7003
0,3318,3318
1,1167,1167
0,1020,1020
0,1752,1752
0,3713,3713
0,5,5
1,1957,1957
0,8300,8300
0,2047,2047
0,2262,2262
0,4905,4905
0,4118,4118
0,2531,2531
1,7826,7826
1,8707,8707
0,2559,2559
0,5542,5542
0,2397,2397
0,785,785
1,5749,5749
0,4964,4964
0,5197,5197
0,6792,6792
0,3547,3547
0,9566,9566
0,7614,7614
0,4277,4277
0,7553,7553
1,5984,5984
0,4875,4875
0,5674,5674
0,1455,1455
0,4250,4250
0,1899,1899
0,2672,2672
0,4563,4563
0,4541,4541
0,8576,8576
0,5721,5721
1,6867,6867
0,5017,5017
0,5773,5773
1,2025,2025
0,5833,5833
1,7993,7993
0,5571,5571
0,6533,6533
1,4948,4948
0,5069,5069
0,4020,4020
0,1976,1976
0,5748,5748
0,5673,5673
0,2596,2596
0,6556,6556
0,7165,7165
0,2540,2540
0,579,579
1,7835,7835
0,6039,6039
0,3643,3643
1,209,209
0,6096,6096
0,8848,8848
0,9236,9236
0,277,277
0,5320,5320
1,993,993
0,7101,7101
0,242,242
0,2799,2799
0,4474,4474
0,6976,6976
0,2034,2034
0,121,121
0,9210,9210
0,6279,6279
0,7520,7520
0,6643,6643
0,824,824
0,2461,2461
0,4053,4053
0,6055,6055
1,6757,6757
1,6901,6901
0,8734,8734
1,3555,3555
0,1890,1890
0,5950,5950
0,5021,5021
1,42,42
0,7219,7219
1,4479,4479
0,6374,6374
0,7795,7795
0,9402,9402
1,157,157
1,257,257
0,8197,8197
0,8167,8167
1,6730,6730
1,3710,3710
0,9221,9221
0,8476,8476
0,3463,3463
0,1468,1468
0,5098,5098
0,6063,6063
0,899,899
1,5308,5308
0,9718,9718
0,3609,3609
0,2362,2362
0,78,78
1,7331,7331
0,1075,1075
0,5303,5303
0,891,891
0,5863,5863
1,1880,1880
0,8177,8177
0,172,172
0,5499,5499
1,1765,1765
0,9551,9551
0,7053,7053
0,5625,5625
0,740,740
0,7255,7255
0,3977,3977
0,199,199
0,227,227
0,7132,7132
0,2977,2977
0,6491,6491
0,678,678
1,5190,5190
0,4151,4151
0,243,243
0,5183,5183
0,2565,2565
0,8038,8038
0,1330,1330
0,3378,3378
0,5598,5598
0,548,548
0,4445,4445
1,4990,4990
0,6650,6650
0,8360,8360
0,2646,2646
0,3337,3337
0,2223,2223
0,9230,9230
0,1728,1728
0,3202,3202
0,9398,9398
0,9231,9231
0,5628,5628
0,2650,2650
0,4750,4750
1,414,414
1,281,281
0,4134,4134
0,237,237
0,3481,3481
0,2348,2348
0,9590,9590
0,4542,4542
0,1712,1712
0,6878,6878
0,8269,8269
0,1788,1788
0,3040,3040
0,7369,7369
0,7642,7642
1,4010,4010
0,6763,6763
0,2830,2830
0,8946,8946
0,3745,3745
0,2797,2797
0,1084,1084
0,4827,4827
1,8718,8718
0,1152,1152
0,7269,7269
0,208,208
0,4737,4737
0,8318,8318
0,7766,7766
0,6042,6042
0,641,641
0,1891,1891
1,9058,9058
0,3670,3670
0,7123,7123
0,9349,9349
0,7856,7856
0,3603,3603
0,7266,7266
1,2900,2900
0,8772,8772
0,5353,5353
1,8874,8874
0,4363,4363
0,4988,4988
0,1267,1267
0,7941,7941
0,5556,5556
0,1123,1123
0,5178,5178
0,9651,9651
0,2340,2340
1,5684,5684
0,1945,1945
1,6560,6560
1,8157,8157
0,9149,9149
1,2018,2018
0,8436,8436
0,4091,4091
0,7610,7610
0,1004,1004
0,8805,8805
0,7166,7166
0,1775,1775
1,7847,7847
0,8972,8972
0,9419,9419
0,1048,1048
0,9401,9401
1,7111,7111
1,2942,2942
0,9073,9073
0,978,978
0,6526,6526
0,5259,5259
0,4391,4391
0,229,229
0,6674,6674
0,2538,2538
0,8315,8315
0,8129,8129
0,87,87
1,1031,1031
0,1291,1291
0,753,753
0,6371,6371
1,3500,3500
0,3734,3734
0,7949,7949
0,7293,7293
0,8152,8152
0,6347,6347
0,3970,3970
0,7046,7046
0,4394,4394
1,6160,6160
0,3274,3274
0,6038,6038
0,9643,9643
0,7125,7125
0,6053,6053
0,2460,2460
0,4646,4646
1,154,154
1,4298,4298
0,1505,1505
0,6310,6310
1,3868,3868
0,8162,8162
0,9226,9226
1,2859,2859
0,7314,7314
0,2856,2856
0,5016,5016
0,7120,7120
0,1883,1883
0,7977,7977
1,3581,3581
0,1089,1089
0,6553,6553
0,1012,1012
0,688,688
1,2357,2357
0,4182,4182
0,9504,9504
0,2655,2655
0,850,850
0,7170,7170
0,3765,3765
0,70,70
0,7733,7733
1,1900,1900
0,8119,8119
0,263,263
0,1939,1939
0,5010,5010
0,4911,4911
0,4357,4357
0,2550,2550
1,3823,3823
0,1022,1022
0,9368,9368
1,7563,7563
0,8042,8042
0,1090,1090
0,6598,6598
1,8850,8850
1,8164,8164
0,802,802
0,5961,5961
0,8113,8113
1,58,58
0,6773,6773
0,6939,6939
0,5824,5824
0,9514,9514
0,8658,8658
0,9598,9598
0,6149,6149
0,5512,5512
0,1492,1492
0,2286,2286
0,9090,9090
0,4196,4196
0,7710,7710
0,1185,1185
0,9169,9169
0,3,3
0,4777,4777
0,4575,4575
0,6882,6882
0,2482,2482
0,3243,3243
1,7508,7508
0,3049,3049
1,3952,3952
0,6801,6801
0,6430,6430
0,4606,4606
1,7688,7688
0,5627,5627
0,5996,5996
1,5091,5091
0,4956,4956
0,2425,2425
0,2525,2525
0,8133,8133
0,6510,6510
0,7890,7890
0,8800,8800
0,4579,4579
1,2328,2328
0,7383,7383
0,2135,2135
0,5851,5851
0,1951,1951
0,1051,1051
0,2526,2526
0,333,333
0,1519,1519
0,2976,2976
1,1029,1029
0,9135,9135
1,2093,2093
1,8990,8990
0,9055,9055
0,9255,9255
0,8121,8121
0,5799,5799
0,1348,1348
0,2989,2989
0,2201,2201
0,6507,6507
0,3450,3450
0,2570,2570
0,6021,6021
0,5087,5087
0,7636,7636
1,7450,7450
0,6296,6296
0,6985,6985
0,4524,4524
0,3149,3149
0,1308,1308
1,5728,5728
0,1842,1842
0,6150,6150
0,2558,2558
0,2893,2893
0,1897,1897
0,2102,2102
0,8326,8326
0,1386,1386
0,1448,1448
0,7687,7687
0,1773,1773
1,8302,8302
0,3037,3037
0,7060,7060
0,9060,9060
0,6707,6707
0,5650,5650
1,8719,8719
0,5373,5373
1,615,615
0,6085,6085
0,291,291
0,219,219
0,4536,4536
0,6064,6064
1,8248,8248
0,3978,3978
0,4636,4636
0,1398,1398
0,8191,8191
1,1750,1750
0,6580,6580
0,7136,7136
1,7578,7578
0,7672,7672
0,5911,5911
0,3518,3518
1,135,135
0,8150,8150
1,4170,4170
0,6809,6809
1,8239,8239
0,391,391
0,3456,3456
0,1801,1801
0,7032,7032
1,3057,3057
1,520,520
0,7873,7873
1,9214,9214
0,1228,1228
0,7639,7639
0,9008,9008
1,937,937
0,8442,8442
0,1949,1949
0,2394,2394
1,6742,6742
0,3475,3475
0,1814,1814
0,4888,4888
0,4576,4576
1,8201,8201
0,6879,6879
0,7076,7076
0,9480,9480
0,6280,6280
0,5942,5942
1,7488,7488
0,1843,1843
0,3357,3357
0,8921,8921
1,3472,3472
0,9529,9529
0,1713,1713
0,2337,2337
0,5297,5297
0,7754,7754
0,6552,6552
0,3159,3159
0,7984,7984
0,8426,8426
0,1926,1926
0,3105,3105
1,9320,9320
0,7310,7310
0,1612,1612
0,8440,8440
1,5050,5050
0,8159,8159
0,4329,4329
0,6410,6410
1,7434,7434
0,5415,5415
0,7565,7565
0,2562,2562
1,3254,3254
0,5564,5564
0,8188,8188
1,3623,3623
0,9317,9317
0,1737,1737
1,5927,5927
0,1493,1493
0,3624,3624
0,8782,8782
1,8235,8235
0,8986,8986
0,988,988
0,3525,3525
0,8809,8809
0,5450,5450
0,1853,1853
0,9468,9468
1,7582,7582
0,1273,1273
0,6372,6372
1,5865,5865
1,8344,8344
0,7942,7942
0,206,206
0,9191,9191
0,2160,2160
1,5746,5746
0,1725,1725
0,6445,6445
0,2096,2096
0,7635,7635
0,5612,5612
0,2031,2031
0,7176,7176
1,1213,1213
0,8952,8952
0,437,437
1,68,68
0,1753,1753
0,2043,2043
0,6075,6075
0,5644,5644
0,3788,3788
0,1025,1025
0,79,79
1,7619,7619
0,4265,4265
0,5106,5106
0,4625,4625
0,4775,4775
0,7800,7800
0,2951,2951
0,5765,5765
0,8625,8625
0,8428,8428
0,7765,7765
0,8853,8853
0,6314,6314
1,4957,4957
0,629,629
1,1109,1109
0,3979,3979
0,5989,5989
1,3712,3712
0,4221,4221
0,8714,8714
1,6934,6934
0,9390,9390
0,951,951
0,1335,1335
0,7232,7232
0,1553,1553
0,7951,7951
0,8787,8787
0,9443,9443
0,7717,7717
0,8043,8043
0,2504,2504
0,652,652
0,4396,4396
0,9498,9498
0,8597,8597
0,7607,7607
0,1155,1155
0,4482,4482
0,8879,8879
1,113,113
0,8282,8282
1,9170,9170
0,7724,7724
0,3897,3897
0,9533,9533
0,5464,5464
1,7603,7603
0,5343,5343
1,5663,5663
0,1097,1097
0,3807,3807
0,6210,6210
0,426,426
1,2918,2918
0,7148,7148
0,722,722
0,3255,3255
1,4308,4308
0,6001,6001
1,8902,8902
0,5249,5249
0,8884,8884
0,9414,9414
0,1961,1961
0,7714,7714
0,8741,8741
0,9140,9140
0,7989,7989
1,1724,1724
0,5908,5908
0,6607,6607
1,894,894
0,2480,2480
0,4301,4301
0,7789,7789
0,9176,9176
0,5037,5037
0,768,768
0,601,601
0,2194,2194
1,5368,5368
1,2669,2669
1,8922,8922
0,2960,2960
0,9311,9311
0,8215,8215
0,4284,4284
0,6925,6925
0,3084,3084
0,95,95
1,5331,5331
0,9412,9412
1,6698,6698
1,2588,2588
0,2001,2001
0,1268,1268
0,9476,9476
1,8031,8031
0,8555,8555
0,405,405
0,1466,1466
0,718,718
0,2673,2673
1,5444,5444
0,2793,2793
0,57,57
0,7325,7325
1,9560,9560
0,5408,5408
0,4201,4201
0,547,547
0,1237,1237
0,932,932
1,6230,6230
0,1874,1874
0,4311,4311
0,2640,2640
0,9512,9512
0,3810,3810
1,4712,4712
0,2323,2323
0,6337,6337
0,2078,2078
0,8118,8118
0,9425,9425
0,4715,4715
0,245,245
1,7759,7759
0,5789,5789
0,1404,1404
0,5210,5210
0,751,751
0,5132,5132
0,3369,3369
0,9426,9426
0,3628,3628
0,9441,9441
1,8148,8148
0,4617,4617
0,2823,2823
1,3852,3852
0,9427,9427
0,1952,1952
0,3980,3980
0,7507,7507
0,6004,6004
0,7042,7042
0,6093,6093
0,3377,3377
1,4392,4392
0,6499,6499
0,2441,2441
1,7097,7097
0,5731,5731
0,9605,9605
0,3110,3110
0,6468,6468
1,1817,1817
0,5446,5446
0,4106,4106
0,8626,8626
0,8153,8153
0,9663,9663
0,6959,6959
0,8627,8627
1,6332,6332
0,8392,8392
0,8852,8852
0,8035,8035
0,6770,6770
0,6865,6865
0,6638,6638
1,5430,5430
0,2027,2027
0,8970,8970
0,9141,9141
1,1762,1762
1,7658,7658
0,5850,5850
0,2924,2924
0,2251,2251
1,4962,4962
0,1281,1281
1,582,582
1,6897,6897
1,1504,1504
0,6861,6861
0,3352,3352
0,187,187
0,4460,4460
0,5932,5932
0,1678,1678
1,8807,8807
0,7257,7257
0,5509,5509
0,8531,8531
1,6954,6954
0,997,997
1,1412,1412
0,2704,2704
0,2959,2959
0,3193,3193
0,8169,8169
0,7137,7137
1,991,991
0,9065,9065
1,9152,9152
0,8486,8486
0,369,369
0,9351,9351
0,1978,1978
0,9082,9082
1,1312,1312
1,7064,7064
0,3422,3422
0,5593,5593
0,2379,2379
1,1785,1785
1,6511,6511
0,1622,1622
0,799,799
0,7189,7189
1,6125,6125
0,6922,6922
0,363,363
0,2695,2695
0,1379,1379
0,1170,1170
0,6254,6254
0,45,45
0,5640,5640
0,2790,2790
0,1270,1270
1,4429,4429
0,3497,3497
0,7990,7990
0,5155,5155
1,5317,5317
1,7829,7829
0,1362,1362
0,7273,7273
0,5688,5688
1,8214,8214
1,6167,6167
0,2623,2623
0,7515,7515
1,9611,9611
0,7492,7492
0,8097,8097
0,4121,4121
1,3564,3564
0,1463,1463
1,7463,7463
0,5531,5531
0,1289,1289
1,1602,1602
0,7051,7051
0,5437,5437
0,7702,7702
1,1782,1782
0,9294,9294
0,2892,2892
0,9074,9074
0,791,791
0,9657,9657
0,6437,6437
1,973,973
0,8339,8339
0,825,825
0,83,83
0,1002,1002
0,996,996
0,2873,2873
0,6752,6752
0,2872,2872
0,3405,3405
0,5119,5119
0,2164,2164
0,2159,2159
1,7419,7419
0,9116,9116
0,1749,1749
0,3991,3991
0,2266,2266
0,1840,1840
0,8163,8163
0,6812,6812
1,2635,2635
0,4803,4803
0,2242,2242
1,6837,6837
1,5375,5375
0,1621,1621
1,6760,6760
0,2406,2406
1,7131,7131
0,3587,3587
0,2157,2157
0,8053,8053
1,728,728
0,9222,9222
1,2679,2679
0,189,189
1,4622,4622
0,3249,3249
0,2546,2546
0,6431,6431
1,3849,3849
0,8312,8312
0,3983,3983
1,5035,5035
0,8349,8349
0,3016,3016
0,7395,7395
0,5914,5914
0,5584,5584
1,1275,1275
0,6686,6686
0,9614,9614
0,4510,4510
0,1137,1137
0,2143,2143
0,9254,9254
0,7015,7015
0,7501,7501
0,2269,2269
0,2476,2476
0,4349,4349
0,4887,4887
0,5926,5926
0,8378,8378
0,4335,4335
1,5610,5610
0,7197,7197
0,6825,6825
0,3259,3259
1,6795,6795
0,4159,4159
0,862,862
0,3759,3759
0,1697,1697
0,608,608
1,3674,3674
0,2477,2477
0,9147,9147
0,3204,3204
0,8665,8665
0,1971,1971
0,6506,6506
1,3271,3271
0,6514,6514
0,8876,8876
0,8925,8925
0,2154,2154
0,2967,2967
1,8699,8699
0,2670,2670
0,7823,7823
0,4928,4928
1,987,987
0,1063,1063
0,9029,9029
0,8216,8216
0,432,432
0,8379,8379
0,3716,3716
1,3137,3137
0,3050,3050
0,1941,1941
0,7831,7831
0,3593,3593
0,9115,9115
0,3570,3570
0,7716,7716
0,5521,5521
0,7743,7743
1,4644,4644
1,8865,8865
0,2680,2680
0,3047,3047
0,5263,5263
1,3165,3165
0,761,761
0,2798,2798
0,897,897
1,4261,4261
0,5803,5803
0,6618,6618
0,1000,1000
0,8767,8767
0,7748,7748
0,6169,6169
0,2044,2044
1,9458,9458
0,9617,9617
0,376,376
0,883,883
0,5449,5449
0,7452,7452
0,3226,3226
0,7387,7387
0,4727,4727
0,1065,1065
0,8391,8391
0,9358,9358
1,4949,4949
0,8745,8745
0,1285,1285
0,6054,6054
0,4031,4031
0,6750,6750
0,2254,2254
0,7058,7058
1,323,323
1,2968,2968
0,868,868
1,2822,2822
0,4009,4009
0,7155,7155
0,2308,2308
0,7041,7041
0,7158,7158
0,4028,4028
0,2380,2380
0,2965,2965
0,2765,2765
0,913,913
0,7741,7741
0,1064,1064
0,6227,6227
0,9102,9102
0,5245,5245
0,9716,9716
0,7524,7524
0,6515,6515
0,4161,4161
0,7012,7012
0,2224,2224
0,21,21
0,947,947
0,7193,7193
0,4257,4257
0,822,822
0,5952,5952
0,1904,1904
1,4537,4537
0,5529,5529
1,7471,7471
0,3741,3741
1,2450,2450
0,1206,1206
0,2852,2852
0,2039,2039
0,5793,5793
1,2339,2339
0,1819,1819
1,4564,4564
1,1351,1351
0,727,727
0,4549,4549
0,4279,4279
0,7271,7271
0,2299,2299
0,5006,5006
0,4763,4763
0,8208,8208
0,4811,4811
0,1160,1160
0,5811,5811
1,3311,3311
0,6702,6702
0,4401,4401
0,6137,6137
0,5126,5126
0,1937,1937
0,2439,2439
1,3742,3742
0,3238,3238
0,5351,5351
0,7286,7286
0,8836,8836
1,9715,9715
0,8397,8397
0,7350,7350
0,9710,9710
1,9635,9635
0,5806,5806
0,4559,4559
0,7592,7592
0,5892,5892
1,3532,3532
1,8347,8347
0,7343,7343
1,2021,2021
0,8640,8640
0,2658,2658
0,1449,1449
0,5837,5837
0,3595,3595
0,8911,8911
0,503,503
0,5675,5675
0,8226,8226
0,6576,6576
0,9565,9565
1,2981,2981
0,495,495
0,7605,7605
1,7473,7473
1,4718,4718
0,7270,7270
0,3122,3122
0,3538,3538
0,9513,9513
1,8869,8869
0,7415,7415
0,1426,1426
0,4439,4439
0,5039,5039
0,2929,2929
0,4128,4128
0,184,184
0,3216,3216
0,3521,3521
0,738,738
1,2080,2080
0,6335,6335
0,4567,4567
1,8415,8415
0,9409,9409
0,2364,2364
0,8906,8906
1,7561,7561
0,1518,1518
0,8327,8327
0,8096,8096
0,2473,2473
0,4172,4172
0,6428,6428
1,2163,2163
0,1524,1524
1,2902,2902
0,3968,3968
0,8644,8644
0,6270,6270
0,5653,5653
0,2384,2384
1,6104,6104
0,9706,9706
1,7991,7991
0,371,371
0,205,205
0,9523,9523
1,1158,1158
0,639,639
0,9627,9627
0,7682,7682
0,256,256
0,7233,7233
1,8120,8120
0,124,124
1,1736,1736
0,8712,8712
0,360,360
0,3677,3677
0,570,570
1,4449,4449
0,436,436
0,1052,1052
0,9069,9069
0,8,8
1,130,130
0,7484,7484
0,4286,4286
1,7646,7646
0,757,757
0,4664,4664
1,6272,6272
0,599,599
0,8586,8586
0,3138,3138
1,9136,9136
0,7169,7169
0,7815,7815
0,7957,7957
0,4722,4722
0,3492,3492
0,3992,3992
0,261,261
0,1597,1597
0,339,339
1,7298,7298
0,1495,1495
0,3565,3565
0,3753,3753
1,2067,2067
0,9499,9499
0,5381,5381
1,8607,8607
0,1745,1745
0,9017,9017
0,2879,2879
0,9199,9199
0,445,445
0,3917,3917
0,4245,4245
0,2556,2556
0,3578,3578
0,518,518
0,7367,7367
0,9016,9016
0,6857,6857
0,8814,8814
0,1715,1715
0,5079,5079
0,6584,6584
0,5518,5518
0,2937,2937
0,2189,2189
1,4752,4752
0,397,397
0,6810,6810
0,2557,2557
0,4050,4050
0,5510,5510
0,3442,3442
0,8817,8817
0,3867,3867
1,5239,5239
0,1526,1526
0,6225,6225
0,4704,4704
0,1805,1805
0,1061,1061
1,142,142
0,1217,1217
0,860,860
0,2008,2008
0,8140,8140
0,4879,4879
0,7416,7416
0,6321,6321
1,6807,6807
0,2512,2512
1,2186,2186
0,9490,9490
0,9218,9218
0,17,17
0,2333,2333
0,4688,4688
0,6545,6545
0,5810,5810
0,5490,5490
0,4367,4367
0,424,424
0,7490,7490
0,2419,2419
0,5808,5808
0,809,809
0,6920,6920
0,1224,1224
1,5608,5608
0,643,643
0,2366,2366
0,3142,3142
0,2343,2343
0,5030,5030
0,4083,4083
1,7955,7955
0,5495,5495
0,3905,3905
1,7119,7119
0,5622,5622
0,7281,7281
0,9281,9281
0,8867,8867
0,5315,5315
0,633,633
0,5545,5545
0,908,908
1,2208,2208
0,167,167
0,4408,4408
1,4454,4454
0,9151,9151
0,3939,3939
0,8305,8305
0,4937,4937
0,8351,8351
0,1332,1332
0,692,692
0,5171,5171
0,3233,3233
1,8334,8334
0,3588,3588
0,12,12
0,8102,8102
0,4854,4854
0,2997,2997
0,7887,7887
0,3407,3407
1,2415,2415
1,8792,8792
0,2714,2714
0,6602,6602
0,3815,3815
0,7124,7124
1,8880,8880
0,8242,8242
0,2788,2788
0,2506,2506
0,2993,2993
0,5164,5164
0,2239,2239
0,7866,7866
0,1686,1686
0,4166,4166
0,7420,7420
0,2162,2162
0,5871,5871
0,5913,5913
1,8267,8267
0,846,846
1,1306,1306
0,5419,5419
0,1706,1706
0,6481,6481
1,8474,8474
1,1107,1107
0,9593,9593
0,8333,8333
0,8205,8205
0,509,509
1,9720,9720
0,8424,8424
0,6440,6440
0,3894,3894
0,2377,2377
0,6827,6827
0,8244,8244
1,927,927
1,2259,2259
0,8362,8362
1,5481,5481
0,6032,6032
0,7040,7040
0,5944,5944
1,1991,1991
1,2962,2962
0,4543,4543
0,2671,2671
0,5998,5998
0,318,318
0,1434,1434
0,5797,5797
0,1055,1055
0,1101,1101
0,6447,6447
0,6684,6684
0,5040,5040
0,7386,7386
0,1631,1631
1,8461,8461
0,8913,8913
0,5188,5188
0,3212,3212
0,7689,7689
0,1582,1582
0,2399,2399
0,9595,9595
0,6209,6209
0,507,507
0,5807,5807
0,1965,1965
0,8851,8851
0,4213,4213
0,610,610
0,3522,3522
0,3240,3240
1,516,516
0,8268,8268
0,137,137
0,3116,3116
1,3686,3686
0,1953,1953
0,7788,7788
0,1835,1835
0,7030,7030
0,3544,3544
0,9440,9440
0,3220,3220
0,8217,8217
0,2447,2447
1,8457,8457
0,6687,6687
0,1293,1293
0,8530,8530
0,1847,1847
0,8407,8407
0,396,396
1,3962,3962
1,2145,2145
0,7384,7384
0,7673,7673
0,7258,7258
0,620,620
0,2175,2175
0,3222,3222
0,588,588
0,4731,4731
0,9228,9228
0,4444,4444
0,3372,3372
0,9725,9725
0,1580,1580
0,4026,4026
0,5928,5928
0,8525,8525
0,3436,3436
0,2624,2624
0,7496,7496
0,7362,7362
0,7495,7495
0,653,653
0,1809,1809
0,2101,2101
0,6705,6705
0,3460,3460
0,1172,1172
0,2205,2205
1,9723,9723
0,1681,1681
0,8511,8511
0,390,390
1,9675,9675
0,3088,3088
0,4304,4304
0,8910,8910
1,1445,1445
0,9488,9488
0,4045,4045
0,4208,4208
0,1811,1811
1,9649,9649
0,385,385
1,9696,9696
0,5149,5149
0,6530,6530
0,6529,6529
0,1250,1250
0,2700,2700
0,7641,7641
0,5561,5561
0,9487,9487
0,7649,7649
1,887,887
0,817,817
0,1233,1233
1,3507,3507
0,4596,4596
0,5888,5888
0,9071,9071
1,4236,4236
0,4220,4220
0,4288,4288
0,4918,4918
1,7422,7422
1,3190,3190
1,4591,4591
0,4016,4016
0,3030,3030
0,1698,1698
0,4040,4040
0,4917,4917
1,3495,3495
0,3559,3559
0,8368,8368
0,6086,6086
0,2548,2548
0,7174,7174
0,8200,8200
0,3584,3584
1,4941,4941
0,4992,4992
0,8845,8845
1,7303,7303
0,406,406
0,3920,3920
0,3279,3279
1,7776,7776
1,4502,4502
0,5181,5181
0,5906,5906
0,9558,9558
0,3097,3097
0,1371,1371
0,5460,5460
0,8074,8074
0,5365,5365
0,8382,8382
0,302,302
0,7070,7070
0,2530,2530
0,1229,1229
0,6636,6636
0,1512,1512
1,7533,7533
0,2564,2564
1,5626,5626
1,3764,3764
0,8007,8007
0,7599,7599
0,2212,2212
0,6451,6451
0,7091,7091
0,3571,3571
0,843,843
0,6380,6380
0,3884,3884
0,3230,3230
0,8797,8797
0,1425,1425
0,9197,9197
1,7663,7663
0,5743,5743
0,2667,2667
1,4384,4384
0,7937,7937
0,7894,7894
0,4215,4215
0,2180,2180
0,3862,3862
0,5257,5257
0,5064,5064
1,2825,2825
1,7312,7312
0,4255,4255
0,9352,9352
0,7761,7761
0,8032,8032
0,1382,1382
0,8166,8166
0,415,415
0,453,453
1,9223,9223
0,989,989
1,8193,8193
1,8490,8490
0,8510,8510
0,4855,4855
0,4037,4037
0,4878,4878
0,6464,6464
0,9709,9709
0,4179,4179
0,1511,1511
0,3184,3184
0,183,183
0,3896,3896
0,8044,8044
1,2705,2705
0,1328,1328
0,101,101
0,8285,8285
0,4096,4096
0,7666,7666
0,1705,1705
0,8729,8729
1,5555,5555
0,2072,2072
0,7622,7622
0,1071,1071
0,1823,1823
0,7927,7927
0,5055,5055
0,2182,2182
0,4461,4461
0,4538,4538
0,2435,2435
0,6307,6307
0,8060,8060
0,879,879
0,2975,2975
0,6900,6900
0,4167,4167
0,1790,1790
0,5903,5903
0,2729,2729
1,4469,4469
1,7834,7834
1,6249,6249
0,9559,9559
0,3652,3652
0,9027,9027
0,1677,1677
0,9168,9168
0,4498,4498
0,6338,6338
0,1130,1130
1,349,349
1,3046,3046
0,4824,4824
0,6141,6141
0,8860,8860
0,6972,6972
0,8574,8574
0,7022,7022
1,3650,3650
0,771,771
1,7378,7378
1,4894,4894
0,8760,8760
0,1803,1803
0,9475,9475
0,1094,1094
0,5312,5312
0,4355,4355
0,166,166
0,5982,5982
1,1333,1333
0,3622,3622
0,6348,6348
0,7850,7850
0,2660,2660
0,3191,3191
0,3170,3170
1,3278,3278
0,2807,2807
0,4590,4590
0,9288,9288
0,7805,7805
0,3244,3244
1,309,309
1,7480,7480
0,7909,7909
0,3634,3634
1,5997,5997
0,5939,5939
0,491,491
0,346,346
0,3851,3851
0,2757,2757
0,5189,5189
1,3281,3281
0,3513,3513
0,7461,7461
0,2318,2318
0,190,190
0,2688,2688
1,1664,1664
0,4156,4156
0,5896,5896
0,1564,1564
0,341,341
0,9379,9379
0,5692,5692
0,5033,5033
1,1636,1636
0,3100,3100
0,5763,5763
1,5233,5233
0,276,276
0,3935,3935
0,6779,6779
0,3454,3454
0,7379,7379
0,2768,2768
0,3076,3076
1,9022,9022
0,2000,2000
1,6872,6872
0,4532,4532
0,7491,7491
0,8067,8067
0,2470,2470
0,9479,9479
0,1534,1534
0,2912,2912
0,6392,6392
0,6113,6113
0,7975,7975
0,9456,9456
0,6318,6318
0,1783,1783
0,4400,4400
0,7896,7896
0,837,837
0,5094,5094
1,2071,2071
0,2077,2077
1,9582,9582
0,4264,4264
1,4525,4525
0,6748,6748
0,6583,6583
1,1118,1118
0,4496,4496
0,1973,1973
0,7261,7261
0,590,590
0,6247,6247
0,4219,4219
0,7968,7968
0,4273,4273
0,5243,5243
0,5374,5374
0,7228,7228
0,269,269
0,366,366
1,8546,8546
0,2455,2455
0,2500,2500
0,8196,8196
0,7684,7684
1,8720,8720
0,2400,2400
0,2204,2204
0,8962,8962
0,2703,2703
1,2831,2831
0,8478,8478
1,3761,3761
0,5116,5116
0,2579,2579
0,3260,3260
1,6421,6421
0,4861,4861
1,2780,2780
0,5725,5725
1,5380,5380
0,6947,6947
0,8994,8994
0,6059,6059
1,6931,6931
0,8589,8589
1,7965,7965
0,7238,7238
0,8425,8425
1,423,423
0,7972,7972
0,5123,5123
0,4806,4806
0,2855,2855
1,9659,9659
0,2230,2230
0,5139,5139
0,8050,8050
1,8564,8564
0,5168,5168
1,8882,8882
0,1174,1174
1,5084,5084
0,7254,7254
1,2079,2079
0,1610,1610
1,8981,8981
0,7587,7587
0,7055,7055
0,8571,8571
1,8299,8299
0,6824,6824
1,1300,1300
0,4317,4317
1,9111,9111
1,9408,9408
1,9624,9624
0,8951,8951
0,5860,5860
0,8944,8944
0,4733,4733
0,721,721
0,5047,5047
1,8768,8768
1,2497,2497
1,8819,8819
1,3997,3997
0,1977,1977
0,6733,6733
1,1341,1341
0,7352,7352
0,3877,3877
0,8459,8459
0,8575,8575
0,1274,1274
0,1821,1821
0,4860,4860
0,2601,2601
0,7654,7654
0,1902,1902
0,980,980
1,4745,4745
0,1080,1080
1,8706,8706
0,1888,1888
0,5705,5705
0,9051,9051
0,244,244
0,7160,7160
0,2766,2766
0,2791,2791
1,8277,8277
0,3176,3176
1,26,26
0,6570,6570
0,1318,1318
1,1125,1125
0,1915,1915
0,6670,6670
0,7802,7802
1,2948,2948
0,8396,8396
0,917,917
1,6400,6400
0,7147,7147
1,9215,9215
0,6637,6637
0,8418,8418
0,7057,7057
0,6672,6672
0,1451,1451
0,1693,1693
0,5454,5454
0,7703,7703
0,8253,8253
1,1001,1001
0,7595,7595
0,2119,2119
0,3347,3347
0,7031,7031
0,5893,5893
0,1017,1017
0,3900,3900
0,9707,9707
1,6611,6611
0,686,686
0,1256,1256
0,8948,8948
0,8504,8504
0,6043,6043
0,9697,9697
0,6712,6712
0,1683,1683
0,5311,5311
0,3825,3825
0,4055,4055
0,364,364
0,1634,1634
0,8642,8642
0,7194,7194
0,5781,5781
0,2036,2036
0,2142,2142
0,815,815
0,6997,6997
0,7014,7014
0,1934,1934
0,9318,9318
0,7428,7428
0,1927,1927
0,5791,5791
0,2272,2272
0,4984,4984
0,3447,3447
0,557,557
1,5176,5176
0,5573,5573
0,3971,3971
0,5223,5223
1,8171,8171
0,9080,9080
0,513,513
0,168,168
0,617,617
0,5114,5114
0,7569,7569
0,3727,3727
0,6589,6589
0,4799,4799
0,1583,1583
0,5334,5334
0,4312,4312
0,8004,8004
1,6036,6036
1,5709,5709
0,106,106
0,2625,2625
0,4109,4109
0,8547,8547
1,4174,4174
0,2050,2050
0,7513,7513
0,1436,1436
0,3102,3102
1,6306,6306
0,6579,6579
1,8724,8724
1,2694,2694
0,3130,3130
0,3221,3221
0,6060,6060
1,4403,4403
1,4228,4228
1,2325,2325
0,6564,6564
0,7808,7808
0,929,929
0,704,704
0,8081,8081
0,3111,3111
0,6366,6366
0,7007,7007
1,5963,5963
0,5204,5204
0,8725,8725
0,8743,8743
0,7824,7824
0,2029,2029
0,149,149
0,6031,6031
0,180,180
0,1626,1626
0,8124,8124
1,9048,9048
0,5161,5161
0,4067,4067
0,7914,7914
1,8443,8443
0,634,634
0,5537,5537
0,6414,6414
0,3370,3370
0,8630,8630
0,4936,4936
0,5801,5801
0,6365,6365
0,522,522
0,8390,8390
0,3820,3820
0,2398,2398
0,7077,7077
1,8046,8046
0,5758,5758
0,852,852
0,1647,1647
0,2980,2980
0,421,421
0,5140,5140
1,594,594
0,54,54
0,7841,7841
0,6509,6509
0,8358,8358
1,4653,4653
0,7251,7251
0,726,726
0,2537,2537
0,1646,1646
1,3856,3856
0,1820,1820
1,5339,5339
0,5485,5485
0,2301,2301
0,660,660
1,4098,4098
1,805,805
0,589,589
0,1219,1219
0,2576,2576
1,6177,6177
0,5578,5578
1,4003,4003
0,8068,8068
0,5061,5061
0,9362,9362
0,1263,1263
1,2638,2638
0,4945,4945
0,7956,7956
0,6123,6123
0,5742,5742
0,1557,1557
0,356,356
0,4516,4516
1,7499,7499
0,7207,7207
0,4114,4114
0,1903,1903
1,8175,8175
0,7950,7950
1,4952,4952
1,4283,4283
0,1282,1282
0,1372,1372
0,2934,2934
0,5392,5392
1,2463,2463
1,7035,7035
0,481,481
0,2906,2906
0,1552,1552
0,3755,3755
0,2244,2244
0,8621,8621
0,7274,7274
0,9307,9307
0,2113,2113
0,2193,2193
1,4725,4725
0,8482,8482
0,2203,2203
1,1149,1149
0,8420,8420
0,1037,1037
0,3843,3843
0,1500,1500
0,878,878
0,7128,7128
0,521,521
1,5514,5514
0,9200,9200
0,4090,4090
1,2697,2697
0,67,67
0,8080,8080
0,7777,7777
1,3569,3569
0,8897,8897
0,1310,1310
1,6977,6977
0,2726,2726
0,441,441
0,1711,1711
0,4659,4659